55964,7/16/2013,IW/0000001,14100 SparePart,100000 Opening Balance,Item Open Balances for HPL (NPR),Item Open Balances for HPL (NPR),Himal Power Ltd (NPR),Aug 2013 [Shrawan 2070],KHIM1,,,KIRNE (N),Inv : Miscellaneous : 0134.005.0046,pcs,9,620,NPR
55965,7/16/2013,IW/0000002,14000 RawMaterialSemiManufacture,100000 Opening Balance,Item Open Balances for HPL (NPR),Item Open Balances for HPL (NPR),Himal Power Ltd (NPR),Aug 2013 [Shrawan 2070],KHIM1,,,KIRNE (N),Inv : Miscellaneous : 0134.005.0047,pcs,1,453,NPR
,,,,,,,,,,,,KIRNE (N),Inv : Miscellaneous : 0134.005.0048,pcs,1,375,NPR
,,,,,,,,,,,,KIRNE (N),Inv : Miscellaneous : 0134.006.0001,pcs,20,85,NPR
,,,,,,,,,,,,KIRNE (N),Inv : Miscellaneous : 0134.006.0002,pcs,10,85,NPR
,,,,,,,,,,,,KIRNE (N),Inv : Miscellaneous : 0134.006.0003,pcs,20,72,NPR
,,,,,,,,,,,,KIRNE (N),Inv : Miscellaneous : 0134.006.0004,pcs,10,72,NPR
,,,,,,,,,,,,KIRNE (N),Inv : Miscellaneous : 0134.006.0006,pcs,30,83,NPR
,,,,,,,,,,,,KIRNE (N),Inv : Miscellaneous : 0134.006.0007,pcs,22,84,NPR
,,,,,,,,,,,,KIRNE (N),Inv : Miscellaneous : 0134.006.0008,pcs,29,207,NPR
,,,,,,,,,,,,KIRNE (N),Inv : Miscellaneous : 0134.006.0009,pcs,16,215,NPR
,,,,,,,,,,,,KIRNE (N),Inv : Miscellaneous : 0134.006.0010,pcs,76,225,NPR
,,,,,,,,,,,,KIRNE (N),Inv : Miscellaneous : 0134.006.0011,pcs,46,235,NPR
,,,,,,,,,,,,KIRNE (N),Inv : Miscellaneous : 0134.006.0012,pcs,31,242,NPR
,,,,,,,,,,,,KIRNE (N),Inv : Miscellaneous : 0134.006.0013,pcs,56,255,NPR
,,,,,,,,,,,,KIRNE (N),Inv : Miscellaneous : 0134.006.0014,pcs,24,265,NPR
,,,,,,,,,,,,KIRNE (N),Inv : Miscellaneous : 0134.006.0015,pcs,41,257,NPR
,,,,,,,,,,,,KIRNE (N),Inv : Miscellaneous : 0134.006.0016,pcs,18,320,NPR
,,,,,,,,,,,,KIRNE (N),Inv : Miscellaneous : 0134.006.0017,pcs,8,320,NPR
,,,,,,,,,,,,KIRNE (N),Inv : Miscellaneous : 0134.006.0018,pcs,6,335,NPR
,,,,,,,,,,,,KIRNE (N),Inv : Miscellaneous : 0134.006.0019,pcs,3,340,NPR
,,,,,,,,,,,,KIRNE (N),Inv : Miscellaneous : 0134.006.0020,pcs,2,342,NPR
,,,,,,,,,,,,KIRNE (N),Inv : Miscellaneous : 0134.006.0022,pcs,10,343,NPR
,,,,,,,,,,,,KIRNE (N),Inv : Miscellaneous : 0134.006.0023,pcs,1,443,NPR
,,,,,,,,,,,,KIRNE (N),Inv : Miscellaneous : 0134.006.0024,pcs,5,346,NPR
,,,,,,,,,,,,KIRNE (N),Inv : Miscellaneous : 0134.006.0025,pcs,3,345.5,NPR
,,,,,,,,,,,,KIRNE (N),Inv : Miscellaneous : 0134.006.0026,pcs,2,341,NPR
,,,,,,,,,,,,KIRNE (N),Inv : Miscellaneous : 0134.006.0027,pcs,4,345,NPR
,,,,,,,,,,,,KIRNE (N),Inv : Miscellaneous : 0134.006.0028,pcs,9,347,NPR
,,,,,,,,,,,,KIRNE (N),Inv : Miscellaneous : 0134.006.0029,pcs,1,343.5,NPR
,,,,,,,,,,,,KIRNE (N),Inv : Miscellaneous : 0134.006.0031,pcs,12,665,NPR
,,,,,,,,,,,,KIRNE (N),Inv : Miscellaneous : 0134.006.0032,pcs,6,450,NPR
,,,,,,,,,,,,KIRNE (N),Inv : Miscellaneous : 0134.006.0033,Set,4,258,NPR
,,,,,,,,,,,,KIRNE (N),Inv : Miscellaneous : 0134.006.0034,Set,1,4500,NPR
,,,,,,,,,,,,KIRNE (N),Inv : Miscellaneous : 0134.006.0035,pcs,11,250,NPR
,,,,,,,,,,,,KIRNE (N),Inv : Miscellaneous : 0134.006.0036,pcs,23,275,NPR
,,,,,,,,,,,,KIRNE (N),Inv : Miscellaneous : 0134.006.0037,pcs,4,275,NPR
,,,,,,,,,,,,KIRNE (N),Inv : Miscellaneous : 0134.006.0038,pcs,1,307,NPR
,,,,,,,,,,,,KIRNE (N),Inv : Miscellaneous : 0134.006.0039,pcs,3,335,NPR
,,,,,,,,,,,,KIRNE (N),Inv : Miscellaneous : 0134.006.0040,pcs,81,160,NPR
,,,,,,,,,,,,KIRNE (N),Inv : Miscellaneous : 0134.006.0041,pcs,18,165,NPR
,,,,,,,,,,,,KIRNE (N),Inv : Miscellaneous : 0134.006.0042,pcs,55,170,NPR
,,,,,,,,,,,,KIRNE (N),Inv : Miscellaneous : 0134.006.0043,pcs,100,175,NPR
,,,,,,,,,,,,KIRNE (N),Inv : Miscellaneous : 0134.006.0044,pcs,18,180,NPR
,,,,,,,,,,,,KIRNE (N),Inv : Miscellaneous : 0134.006.0045,pcs,105,180,NPR
,,,,,,,,,,,,KIRNE (N),Inv : Miscellaneous : 0134.006.0046,pcs,88,182,NPR
,,,,,,,,,,,,KIRNE (N),Inv : Miscellaneous : 0134.006.0047,pcs,56,165,NPR
,,,,,,,,,,,,KIRNE (N),Inv : Miscellaneous : 0134.006.0048,pcs,96,183.5,NPR
,,,,,,,,,,,,KIRNE (N),Inv : Miscellaneous : 0134.006.0049,pcs,3,6800,NPR
,,,,,,,,,,,,KIRNE (N),Inv : Miscellaneous : 0134.006.0050,pcs,3,2200,NPR
,,,,,,,,,,,,KIRNE (N),Inv : Miscellaneous : 0134.006.0051,pcs,2,2200,NPR
,,,,,,,,,,,,KIRNE (N),Inv : Miscellaneous : 0134.006.0052,pcs,4,87,NPR
,,,,,,,,,,,,KIRNE (N),Inv : Miscellaneous : 0134.006.0053,pcs,1,89,NPR
,,,,,,,,,,,,KIRNE (N),Inv : Miscellaneous : 0134.006.0054,pcs,2,1700,NPR
,,,,,,,,,,,,KIRNE (N),Inv : Miscellaneous : 0134.006.0055,pcs,5,5500,NPR
,,,,,,,,,,,,KIRNE (N),Inv : Miscellaneous : 0134.006.0056,pcs,2,5500,NPR
,,,,,,,,,,,,KIRNE (N),Inv : Miscellaneous : 0134.006.0057,pcs,3,21578.95,NPR
,,,,,,,,,,,,KIRNE (N),Inv : Miscellaneous : 0134.006.0058,pcs,1,57541.6,NPR
,,,,,,,,,,,,KIRNE (N),Inv : Miscellaneous : 0134.006.0059,pcs,10,701.675,NPR
,,,,,,,,,,,,KIRNE (N),Inv : Miscellaneous : 0134.007.0001,Set,63,875,NPR
,,,,,,,,,,,,KIRNE (N),Inv : Miscellaneous : 0134.007.0003,pcs,4000,3.5,NPR
,,,,,,,,,,,,KIRNE (N),Inv : Miscellaneous : 0134.007.0004,pcs,3688,3.5,NPR
,,,,,,,,,,,,KIRNE (N),Inv : Miscellaneous : 0134.007.0005,pcs,896,3.5,NPR
,,,,,,,,,,,,KIRNE (N),Inv : Miscellaneous : 0134.007.0006,pcs,76,3.5,NPR
,,,,,,,,,,,,KIRNE (N),Inv : Miscellaneous : 0134.007.0008,pcs,100,5,NPR
,,,,,,,,,,,,KIRNE (N),Inv : Miscellaneous : 0134.007.0010,pcs,100,5,NPR
,,,,,,,,,,,,KIRNE (N),Inv : Miscellaneous : 0134.007.0011,pcs,100,5,NPR
,,,,,,,,,,,,KIRNE (N),Inv : Miscellaneous : 0134.007.0012,pcs,200,7,NPR
,,,,,,,,,,,,KIRNE (N),Inv : Miscellaneous : 0134.007.0013,pcs,36,285,NPR
,,,,,,,,,,,,KIRNE (N),Inv : Miscellaneous : 0134.007.0014,pcs,46,285,NPR
,,,,,,,,,,,,KIRNE (N),Inv : Miscellaneous : 0134.007.0016,pcs,82,285,NPR
,,,,,,,,,,,,KIRNE (N),Inv : Miscellaneous : 0134.008.0001,m,785,105,NPR
,,,,,,,,,,,,KIRNE (N),Inv : Miscellaneous : 0134.008.0002,m,35,115,NPR
,,,,,,,,,,,,KIRNE (N),Inv : Miscellaneous : 0134.008.0007,m,168,135,NPR
,,,,,,,,,,,,KIRNE (N),Inv : Miscellaneous : 0134.009.0001,pcs,1,2660.5,NPR
,,,,,,,,,,,,KIRNE (N),Inv : Miscellaneous : 0134.010.0001,pcs,2,12023.25,NPR
,,,,,,,,,,,,KIRNE (N),Inv : Miscellaneous : 0134.010.0002,pcs,3,820,NPR
,,,,,,,,,,,,KIRNE (N),Inv : MUX : 0074.001.0001,pcs,1,6350,NPR
,,,,,,,,,,,,KIRNE (N),Inv : MUX : 0074.001.0002,pcs,1,6200,NPR
,,,,,,,,,,,,KIRNE (N),Inv : MUX : 0074.001.0003,pcs,1,6500,NPR
,,,,,,,,,,,,KIRNE (N),Inv : MUX : 0074.001.0004,pcs,1,6200,NPR
,,,,,,,,,,,,KIRNE (N),Inv : MUX : 0074.001.0005,pcs,1,6200,NPR
,,,,,,,,,,,,KIRNE (N),Inv : Pelton Turbine : 0020.001.0002,pcs,5,875,NPR
,,,,,,,,,,,,KIRNE (N),Inv : Pelton Turbine : 0020.001.0005,pcs,2,52954.575,NPR
,,,,,,,,,,,,KIRNE (N),Inv : Pelton Turbine : 0020.001.0007,pcs,3,288092.2,NPR
,,,,,,,,,,,,KIRNE (N),Inv : Pelton Turbine : 0020.001.0008,pcs,52,2409.25923,NPR
,,,,,,,,,,,,KIRNE (N),Inv : Pelton Turbine : 0020.001.0009,pcs,17,8158.3,NPR
,,,,,,,,,,,,KIRNE (N),Inv : Pelton Turbine : 0020.001.0010,pcs,10,8158.3,NPR
,,,,,,,,,,,,KIRNE (N),Inv : Pelton Turbine : 0020.001.0011,pcs,22,2871.45455,NPR
,,,,,,,,,,,,KIRNE (N),Inv : Pelton Turbine : 0020.001.0012,pcs,47,2.00745,NPR
,,,,,,,,,,,,KIRNE (N),Inv : Pelton Turbine : 0020.001.0013,pcs,72,88.02222,NPR
,,,,,,,,,,,,KIRNE (N),Inv : Pelton Turbine : 0020.001.0014,pcs,63,109.21825,NPR
,,,,,,,,,,,,KIRNE (N),Inv : Pelton Turbine : 0020.001.0015,pcs,32,42.36719,NPR
,,,,,,,,,,,,KIRNE (N),Inv : Pelton Turbine : 0020.001.0016,pcs,33,26.47879,NPR
,,,,,,,,,,,,KIRNE (N),Inv : Pelton Turbine : 0020.001.0017,pcs,46,22.65435,NPR
,,,,,,,,,,,,KIRNE (N),Inv : Pelton Turbine : 0020.001.0018,pcs,16,5982.3,NPR
,,,,,,,,,,,,KIRNE (N),Inv : Pelton Turbine : 0020.001.0019,pcs,10,2610.35,NPR
,,,,,,,,,,,,KIRNE (N),Inv : Pelton Turbine : 0020.001.0020,pcs,25,3477.112,NPR
,,,,,,,,,,,,KIRNE (N),Inv : Pelton Turbine : 0020.001.0021,pcs,17,557,NPR
,,,,,,,,,,,,KIRNE (N),Inv : Pelton Turbine : 0020.001.0022,pcs,56,20.06607,NPR
,,,,,,,,,,,,KIRNE (N),Inv : Pelton Turbine : 0020.001.0025,pcs,20,211.2675,NPR
,,,,,,,,,,,,KIRNE (N),Inv : Pelton Turbine : 0020.001.0026,pcs,73,4.31986,NPR
,,,,,,,,,,,,KIRNE (N),Inv : Pelton Turbine : 0020.001.0027,m,11.43,9.29571,NPR
,,,,,,,,,,,,KIRNE (N),Inv : Pelton Turbine : 0020.001.0028,pcs,5,77764.8,NPR
,,,,,,,,,,,,KIRNE (N),Inv : Pelton Turbine : 0020.001.0030,m,1.05,95,NPR
,,,,,,,,,,,,KIRNE (N),Inv : Pelton Turbine : 0020.001.0031,pcs,97,185,NPR
,,,,,,,,,,,,KIRNE (N),Inv : Pelton Turbine : 0020.001.0032,pcs,67,185,NPR
,,,,,,,,,,,,KIRNE (N),Inv : Pelton Turbine : 0020.001.0033,pcs,3,950,NPR
,,,,,,,,,,,,KIRNE (N),Inv : Pelton Turbine : 0020.001.0034,pcs,3,33839.35,NPR
,,,,,,,,,,,,KIRNE (N),Inv : Pelton Turbine : 0020.001.0035,pcs,4,960.2875,NPR
,,,,,,,,,,,,KIRNE (N),Inv : Pelton Turbine : 0020.001.0036,pcs,5,16509.89,NPR
,,,,,,,,,,,,KIRNE (N),Inv : Pelton Turbine : 0020.001.0037,pcs,2,5162.9,NPR
,,,,,,,,,,,,KIRNE (N),Inv : Pelton Turbine : 0020.001.0038,pcs,1,4500.75,NPR
,,,,,,,,,,,,KIRNE (N),Inv : Pelton Turbine : 0020.001.0039,pcs,2,7599,NPR
,,,,,,,,,,,,KIRNE (N),Inv : Pelton Turbine : 0020.001.0040,pcs,3,10599.5,NPR
,,,,,,,,,,,,KIRNE (N),Inv : Pelton Turbine : 0020.001.0041,pcs,2,6526.3,NPR
,,,,,,,,,,,,KIRNE (N),Inv : Pelton Turbine : 0020.001.0043,pcs,1,16349.75,NPR
,,,,,,,,,,,,KIRNE (N),Inv : Pelton Turbine : 0020.001.0045,pcs,3,288.15,NPR
,,,,,,,,,,,,KIRNE (N),Inv : Pelton Turbine : 0020.001.0046,pcs,4,1440.5375,NPR
,,,,,,,,,,,,KIRNE (N),Inv : Pelton Turbine : 0020.001.0048,pcs,4,288.15,NPR
,,,,,,,,,,,,KIRNE (N),Inv : Pelton Turbine : 0020.001.0049,pcs,1,288.15,NPR
,,,,,,,,,,,,KIRNE (N),Inv : Pelton Turbine : 0020.001.0050,pcs,3,576.3,NPR
,,,,,,,,,,,,KIRNE (N),Inv : Pelton Turbine : 0020.001.0051,pcs,13,201.64615,NPR
,,,,,,,,,,,,KIRNE (N),Inv : Pelton Turbine : 0020.001.0052,pcs,5,1350,NPR
,,,,,,,,,,,,KIRNE (N),Inv : Pelton Turbine : 0020.001.0053,pcs,16,201.6625,NPR
,,,,,,,,,,,,KIRNE (N),Inv : Pelton Turbine : 0020.001.0054,pcs,205,1100,NPR
,,,,,,,,,,,,KIRNE (N),Inv : Pelton Turbine : 0020.001.0056,pcs,1,34089.25,NPR
,,,,,,,,,,,,KIRNE (N),Inv : Pelton Turbine : 0020.001.0057,pcs,23,350,NPR
,,,,,,,,,,,,KIRNE (N),Inv : Pelton Turbine : 0020.001.0058,pcs,7,168.78571,NPR
,,,,,,,,,,,,KIRNE (N),Inv : Pelton Turbine : 0020.001.0060,pcs,6,1145.8,NPR
,,,,,,,,,,,,KIRNE (N),Inv : Pelton Turbine : 0020.002.0001,pcs,1,1921,NPR
,,,,,,,,,,,,KIRNE (N),Inv : Pelton Turbine : 0020.002.0002,pcs,1,118552.05,NPR
,,,,,,,,,,,,KIRNE (N),Inv : Pelton Turbine : 0020.002.0003,pcs,1,55204.95,NPR
,,,,,,,,,,,,KIRNE (N),Inv : Pelton Turbine : 0020.002.0004,L,9,2868.84444,NPR
,,,,,,,,,,,,KIRNE (N),Inv : Pipe : Hose : 1002.007.0002,m,319.9,56.50547,NPR
,,,,,,,,,,,,KIRNE (N),Inv : Pipe : Hose : 1002.007.0003,m,72,54.96667,NPR
,,,,,,,,,,,,KIRNE (N),Inv : Pipe Fitting : Bend : 1001.001.0002,pcs,6,35.275,NPR
,,,,,,,,,,,,KIRNE (N),Inv : Pipe Fitting : Bend : 1001.001.0003,pcs,5,58.65,NPR
,,,,,,,,,,,,KIRNE (N),Inv : Pipe Fitting : Bend : 1001.001.0004,pcs,17,78.15,NPR
,,,,,,,,,,,,KIRNE (N),Inv : Pipe Fitting : Bend : 1001.001.0007,pcs,7,449.52857,NPR
,,,,,,,,,,,,KIRNE (N),Inv : Pipe Fitting : Bend : 1001.001.0008,pcs,15,38.87333,NPR
,,,,,,,,,,,,KIRNE (N),Inv : Pipe Fitting : Bend : 1001.001.0010,pcs,4,49.9375,NPR
,,,,,,,,,,,,KIRNE (N),Inv : Pipe Fitting : Coupling : 1001.011.0001,pcs,5,1309.34,NPR
,,,,,,,,,,,,KIRNE (N),Inv : Pipe Fitting : Coupling : 1001.011.0002,pcs,6,1198.075,NPR
,,,,,,,,,,,,KIRNE (N),Inv : Pipe Fitting : Coupling : 1001.011.0003,pcs,4,1310.0625,NPR
,,,,,,,,,,,,KIRNE (N),Inv : Pipe Fitting : Coupling : 1001.011.0004,pcs,9,1198.21667,NPR
,,,,,,,,,,,,KIRNE (N),Inv : Pipe Fitting : Coupling : 1001.011.0005,pcs,4,1309.425,NPR
,,,,,,,,,,,,KIRNE (N),Inv : Pipe Fitting : Coupling : 1001.011.0006,pcs,7,1209.18571,NPR
,,,,,,,,,,,,KIRNE (N),Inv : Pipe Fitting : Coupling : 1001.011.0007,pcs,4,1304.5375,NPR
,,,,,,,,,,,,KIRNE (N),Inv : Pipe Fitting : Coupling : 1001.011.0008,pcs,4,1215.5,NPR
,,,,,,,,,,,,KIRNE (N),Inv : Pipe Fitting : Coupling : 1001.011.0009,pcs,1,1215.5,NPR
,,,,,,,,,,,,KIRNE (N),Inv : Pipe Fitting : Coupling : 1001.011.0010,pcs,4,1215.5,NPR
,,,,,,,,,,,,KIRNE (N),Inv : Pipe Fitting : Coupling : 1001.011.0012,pcs,5,1204.11,NPR
,,,,,,,,,,,,KIRNE (N),Inv : Pipe Fitting : Coupling : 1001.011.0013,pcs,4,1204.025,NPR
,,,,,,,,,,,,KIRNE (N),Inv : Pipe Fitting : Coupling : 1001.011.0014,pcs,3,1215.5,NPR
,,,,,,,,,,,,KIRNE (N),Inv : Pipe Fitting : Elbow : 1001.002.0001,pcs,19,29,NPR
,,,,,,,,,,,,KIRNE (N),Inv : Pipe Fitting : Elbow : 1001.002.0002,pcs,79,28.71709,NPR
,,,,,,,,,,,,KIRNE (N),Inv : Pipe Fitting : Elbow : 1001.002.0003,pcs,14,60.22857,NPR
,,,,,,,,,,,,KIRNE (N),Inv : Pipe Fitting : Elbow : 1001.002.0004,pcs,12,187,NPR
,,,,,,,,,,,,KIRNE (N),Inv : Pipe Fitting : Elbow : 1001.002.0006,pcs,10,431.9,NPR
,,,,,,,,,,,,KIRNE (N),Inv : Pipe Fitting : Elbow : 1001.002.0007,pcs,3,381.08333,NPR
,,,,,,,,,,,,KIRNE (N),Inv : Pipe Fitting : Elbow : 1001.002.0008,pcs,2,588.625,NPR
,,,,,,,,,,,,KIRNE (N),Inv : Pipe Fitting : Elbow : 1001.002.0009,pcs,1,25.5,NPR
,,,,,,,,,,,,KIRNE (N),Inv : Pipe Fitting : Elbow : 1001.002.0010,pcs,20,51.765,NPR
,,,,,,,,,,,,KIRNE (N),Inv : Pipe Fitting : Flange : 1001.003.0001,pcs,12,152.71667,NPR
,,,,,,,,,,,,KIRNE (N),Inv : Pipe Fitting : Flange : 1001.003.0003,pcs,1,725.05,NPR
,,,,,,,,,,,,KIRNE (N),Inv : Pipe Fitting : Flange : 1001.003.0004,pcs,2,671.925,NPR
,,,,,,,,,,,,KIRNE (N),Inv : Pipe Fitting : Hose Tail : 1001.010.0011,pcs,2,274.55,NPR
,,,,,,,,,,,,KIRNE (N),Inv : Pipe Fitting : Hose Tail : 1001.010.0012,pcs,2,274.55,NPR
,,,,,,,,,,,,KIRNE (N),Inv : Pipe Fitting : Hose Tail : 1001.010.0013,pcs,4,303.025,NPR
,,,,,,,,,,,,KIRNE (N),Inv : Pipe Fitting : Nipple : 1001.004.0001,pcs,3,13.58667,NPR
,,,,,,,,,,,,KIRNE (N),Inv : Pipe Fitting : Nipple : 1001.004.0002,pcs,18,28.67,NPR
,,,,,,,,,,,,KIRNE (N),Inv : Pipe Fitting : Nipple : 1001.004.0003,pcs,16,40.09563,NPR
,,,,,,,,,,,,KIRNE (N),Inv : Pipe Fitting : Nipple : 1001.004.0004,pcs,14,21.25,NPR
,,,,,,,,,,,,KIRNE (N),Inv : Pipe Fitting : Nipple : 1001.004.0005,pcs,6,21.95833,NPR
,,,,,,,,,,,,KIRNE (N),Inv : Pipe Fitting : Nipple : 1001.004.0006,pcs,4,40.8,NPR
,,,,,,,,,,,,KIRNE (N),Inv : Pipe Fitting : Nipple : 1001.004.0007,pcs,30,21.95833,NPR
,,,,,,,,,,,,KIRNE (N),Inv : Pipe Fitting : Nipple : 1001.004.0009,pcs,10,181.475,NPR
,,,,,,,,,,,,KIRNE (N),Inv : Pipe Fitting : Nipple : 1001.004.0010,pcs,86,68.70174,NPR
,,,,,,,,,,,,KIRNE (N),Inv : Pipe Fitting : Nipple : 1001.004.0011,pcs,1,95.2,NPR
,,,,,,,,,,,,KIRNE (N),Inv : Pipe Fitting : Nipple : 1001.004.0012,pcs,25,109.922,NPR
,,,,,,,,,,,,KIRNE (N),Inv : Pipe Fitting : Nipple : 1001.004.0013,pcs,3,150.16667,NPR
,,,,,,,,,,,,KIRNE (N),Inv : Pipe Fitting : Nipple : 1001.004.0014,pcs,8,155.7625,NPR
,,,,,,,,,,,,KIRNE (N),Inv : Pipe Fitting : Nipple : 1001.004.0017,pcs,18,61.2,NPR
,,,,,,,,,,,,KIRNE (N),Inv : Pipe Fitting : Nipple : 1001.004.0018,pcs,5,96.9,NPR
,,,,,,,,,,,,KIRNE (N),Inv : Pipe Fitting : Nipple : 1001.004.0019,pcs,1,291.55,NPR
,,,,,,,,,,,,KIRNE (N),Inv : Pipe Fitting : Nipple : 1001.004.0020,pcs,6,943.5,NPR
,,,,,,,,,,,,KIRNE (N),Inv : Pipe Fitting : Nipple BSP : 1001.010.0001,pcs,4,274.55,NPR
,,,,,,,,,,,,KIRNE (N),Inv : Pipe Fitting : Nipple BSP : 1001.010.0002,pcs,5,327.59,NPR
,,,,,,,,,,,,KIRNE (N),Inv : Pipe Fitting : Nipple BSP : 1001.010.0003,pcs,4,730.7875,NPR
,,,,,,,,,,,,KIRNE (N),Inv : Pipe Fitting : Nipple BSP : 1001.010.0004,pcs,4,144.7125,NPR
,,,,,,,,,,,,KIRNE (N),Inv : Pipe Fitting : Nipple BSP : 1001.010.0005,pcs,6,133.73333,NPR
,,,,,,,,,,,,KIRNE (N),Inv : Pipe Fitting : Nipple BSP : 1001.010.0006,pcs,3,201.45,NPR
,,,,,,,,,,,,KIRNE (N),Inv : Pipe Fitting : Nipple BSP : 1001.010.0007,pcs,3,133.73333,NPR
,,,,,,,,,,,,KIRNE (N),Inv : Pipe Fitting : Nipple BSP : 1001.010.0008,pcs,2,201.45,NPR
,,,,,,,,,,,,KIRNE (N),Inv : Pipe Fitting : Nipple BSP : 1001.010.0009,pcs,4,264.9875,NPR
,,,,,,,,,,,,KIRNE (N),Inv : Pipe Fitting : Nipple BSP : 1001.010.0010,pcs,3,730.71667,NPR
,,,,,,,,,,,,KIRNE (N),Inv : Pipe Fitting : Plug/End Cap : 1001.005.0002,pcs,18,10,NPR
,,,,,,,,,,,,KIRNE (N),Inv : Pipe Fitting : Plug/End Cap : 1001.005.0003,pcs,1,11.05,NPR
,,,,,,,,,,,,KIRNE (N),Inv : Pipe Fitting : Plug/End Cap : 1001.005.0005,pcs,4,41.225,NPR
,,,,,,,,,,,,KIRNE (N),Inv : Pipe Fitting : Plug/End Cap : 1001.005.0006,pcs,5,163.71,NPR
,,,,,,,,,,,,KIRNE (N),Inv : Pipe Fitting : Plug/End Cap : 1001.005.0007,pcs,8,16.68125,NPR
,,,,,,,,,,,,KIRNE (N),Inv : Pipe Fitting : Plug/End Cap : 1001.005.0008,pcs,8,27.73125,NPR
,,,,,,,,,,,,KIRNE (N),Inv : Pipe Fitting : Reducer : 1001.006.0003,pcs,4,37.825,NPR
,,,,,,,,,,,,KIRNE (N),Inv : Pipe Fitting : Reducer : 1001.006.0004,pcs,48,79.15625,NPR
,,,,,,,,,,,,KIRNE (N),Inv : Pipe Fitting : Reducer : 1001.006.0005,pcs,15,117.24333,NPR
,,,,,,,,,,,,KIRNE (N),Inv : Pipe Fitting : Reducer : 1001.006.0006,pcs,24,91.5875,NPR
,,,,,,,,,,,,KIRNE (N),Inv : Pipe Fitting : Reducer : 1001.006.0007,pcs,28,134.36071,NPR
,,,,,,,,,,,,KIRNE (N),Inv : Pipe Fitting : Reducer : 1001.006.0008,pcs,26,134.36538,NPR
,,,,,,,,,,,,KIRNE (N),Inv : Pipe Fitting : Reducer : 1001.006.0009,pcs,47,117.24574,NPR
,,,,,,,,,,,,KIRNE (N),Inv : Pipe Fitting : Reducer : 1001.006.0010,pcs,5,113.22,NPR
,,,,,,,,,,,,KIRNE (N),Inv : Pipe Fitting : Reducer : 1001.006.0011,pcs,15,329.29,NPR
,,,,,,,,,,,,KIRNE (N),Inv : Pipe Fitting : Reducer : 1001.006.0012,pcs,2,658.75,NPR
,,,,,,,,,,,,KIRNE (N),Inv : Pipe Fitting : Reducer : 1001.006.0013,pcs,5,225.93,NPR
,,,,,,,,,,,,KIRNE (N),Inv : Pipe Fitting : Socket : 1001.008.0001,pcs,9,28.04222,NPR
,,,,,,,,,,,,KIRNE (N),Inv : Pipe Fitting : Socket : 1001.008.0002,pcs,20,69.3,NPR
,,,,,,,,,,,,KIRNE (N),Inv : Pipe Fitting : Socket : 1001.008.0003,pcs,10,94.5,NPR
,,,,,,,,,,,,KIRNE (N),Inv : Pipe Fitting : Socket : 1001.008.0005,pcs,34,100.725,NPR
,,,,,,,,,,,,KIRNE (N),Inv : Pipe Fitting : Socket : 1001.008.0007,pcs,2,329.8,NPR
,,,,,,,,,,,,KIRNE (N),Inv : Pipe Fitting : Socket : 1001.008.0009,pcs,8,185.0875,NPR
,,,,,,,,,,,,KIRNE (N),Inv : Pipe Fitting : Tee Socket : 1001.007.0001,pcs,8,50.17125,NPR
,,,,,,,,,,,,KIRNE (N),Inv : Pipe Fitting : Tee Socket : 1001.007.0002,pcs,27,48.54444,NPR
,,,,,,,,,,,,KIRNE (N),Inv : Pipe Fitting : Tee Socket : 1001.007.0003,pcs,1,58.65,NPR
,,,,,,,,,,,,KIRNE (N),Inv : Pipe Fitting : Tee Socket : 1001.007.0007,pcs,8,547.1875,NPR
,,,,,,,,,,,,KIRNE (N),Inv : Pipe Fitting : Tee Socket : 1001.007.0008,pcs,64,66.48594,NPR
,,,,,,,,,,,,KIRNE (N),Inv : Pipe Fitting : Tee Socket : 1001.007.0009,pcs,23,74.28261,NPR
,,,,,,,,,,,,KIRNE (N),Inv : Pipe Fitting : Tee Socket : 1001.007.0010,pcs,97,74.27423,NPR
,,,,,,,,,,,,KIRNE (N),Inv : Pipe Fitting : Tee Socket : 1001.007.0018,pcs,39,257.9641,NPR
,,,,,,,,,,,,KIRNE (N),Inv : Pipe Fitting : Tee Socket : 1001.007.0019,pcs,11,257.93636,NPR
,,,,,,,,,,,,KIRNE (N),Inv : Pipe Fitting : Tee Socket : 1001.007.0020,pcs,58,257.975,NPR
,,,,,,,,,,,,KIRNE (N),Inv : Pipe Fitting : Tee Socket : 1001.007.0026,pcs,11,599.01818,NPR
,,,,,,,,,,,,KIRNE (N),Inv : Pipe Fitting : Union : 1001.009.0001,pcs,17,106.36588,NPR
,,,,,,,,,,,,KIRNE (N),Inv : Pipe Fitting : Union : 1001.009.0002,pcs,8,153,NPR
,,,,,,,,,,,,KIRNE (N),Inv : Pipe Fitting : Union : 1001.009.0003,pcs,7,190,NPR
,,,,,,,,,,,,KIRNE (N),Inv : Pipe Fitting : Union : 1001.009.0005,pcs,18,294.05278,NPR
,,,,,,,,,,,,KIRNE (N),Inv : Pipe Fitting : Union : 1001.009.0006,pcs,10,873.545,NPR
,,,,,,,,,,,,KIRNE (N),Inv : PLCC : 0070.001.0001,pcs,1,7200,NPR
,,,,,,,,,,,,KIRNE (N),Inv : PLCC : 0070.001.0002,pcs,1,85,NPR
,,,,,,,,,,,,KIRNE (N),Inv : PLCC : 0070.001.0004,pcs,1,6618.95,NPR
,,,,,,,,,,,,KIRNE (N),Inv : PLCC : 0070.001.0005,pcs,1,7300,NPR
,,,,,,,,,,,,KIRNE (N),Inv : PLCC : 0070.001.0009,pcs,1,6350,NPR
,,,,,,,,,,,,KIRNE (N),Inv : PLCC : 0070.001.0010,pcs,1,6500,NPR
,,,,,,,,,,,,KIRNE (N),Inv : PLCC : 0070.001.0012,pcs,1,6300,NPR
,,,,,,,,,,,,KIRNE (N),Inv : PLCC : 0070.001.0013,pcs,1,6618.95,NPR
,,,,,,,,,,,,KIRNE (N),Inv : PLCC : 0070.001.0014,pcs,1,6618.95,NPR
,,,,,,,,,,,,KIRNE (N),Inv : PLCC : 0070.001.0015,pcs,1,6618.95,NPR
,,,,,,,,,,,,KIRNE (N),Inv : PLCC : 0070.004.0001,pcs,1,6300,NPR
,,,,,,,,,,,,KIRNE (N),Inv : PLCC : 0070.004.0002,pcs,1,6000,NPR
,,,,,,,,,,,,KIRNE (N),Inv : PLCC : 0070.004.0003,pcs,1,6000,NPR
,,,,,,,,,,,,KIRNE (N),Inv : PLCC : 0070.004.0004,pcs,1,6000,NPR
,,,,,,,,,,,,KIRNE (N),Inv : PLCC : 0070.004.0005,pcs,1,6200,NPR
,,,,,,,,,,,,KIRNE (N),Inv : Pressure Shaft : 0010.001.0001,pcs,1,269934.5,NPR
,,,,,,,,,,,,KIRNE (N),Inv : Pressure Shaft : 0010.001.0002,pcs,2,208,NPR
,,,,,,,,,,,,KIRNE (N),Inv : Pressure Shaft : 0010.001.0003,pcs,1,705,NPR
,,,,,,,,,,,,KIRNE (N),Inv : Pressure Shaft : 0010.001.0004,pcs,60,52.955,NPR
,,,,,,,,,,,,KIRNE (N),Inv : Relay Protections : 0049.001.0001,pcs,53,668.53302,NPR
,,,,,,,,,,,,KIRNE (N),Inv : Relay Protections : 0049.001.0002,pcs,10,668.525,NPR
,,,,,,,,,,,,KIRNE (N),Inv : Relay Protections : 0049.001.0003,pcs,2,350,NPR
,,,,,,,,,,,,KIRNE (N),Inv : Relay Protections : 0049.001.0004,pcs,1,350,NPR
,,,,,,,,,,,,KIRNE (N),Inv : Relay Protections : 0049.001.0005,pcs,3,230,NPR
,,,,,,,,,,,,KIRNE (N),Inv : Relay Protections : 0049.001.0006,pcs,41,258.15122,NPR
,,,,,,,,,,,,KIRNE (N),Inv : Relay Protections : 0049.001.0007,pcs,3,715,NPR
,,,,,,,,,,,,KIRNE (N),Inv : Relay Protections : 0049.001.0008,pcs,2,375,NPR
,,,,,,,,,,,,KIRNE (N),Inv : Relay Protections : 0049.001.0009,pcs,2,385,NPR
,,,,,,,,,,,,KIRNE (N),Inv : Relay Protections : 0049.001.0010,pcs,2,1150,NPR
,,,,,,,,,,,,KIRNE (N),Inv : Relay Protections : 0049.001.0011,pcs,1,1175,NPR
,,,,,,,,,,,,KIRNE (N),Inv : Relay Protections : 0049.001.0012,pcs,3,1200,NPR
,,,,,,,,,,,,KIRNE (N),Inv : Relay Protections : 0049.001.0013,pcs,4,1155,NPR
,,,,,,,,,,,,KIRNE (N),Inv : Relay Protections : 0049.001.0014,pcs,4,1155,NPR
,,,,,,,,,,,,KIRNE (N),Inv : Relay Protections : 0049.001.0015,pcs,8,1155,NPR
,,,,,,,,,,,,KIRNE (N),Inv : Relay Protections : 0049.001.0017,pcs,7,1155,NPR
,,,,,,,,,,,,KIRNE (N),Inv : Relay Protections : 0049.001.0018,pcs,1,1235,NPR
,,,,,,,,,,,,KIRNE (N),Inv : Relay Protections : 0049.001.0019,pcs,3,1305,NPR
,,,,,,,,,,,,KIRNE (N),Inv : Relay Protections : 0049.001.0020,pcs,5,1400,NPR
,,,,,,,,,,,,KIRNE (N),Inv : Relay Protections : 0049.001.0021,pcs,3,725,NPR
,,,,,,,,,,,,KIRNE (N),Inv : Relay Protections : 0049.001.0023,pcs,2,815,NPR
,,,,,,,,,,,,KIRNE (N),Inv : Relay Protections : 0049.001.0024,pcs,1,815,NPR
,,,,,,,,,,,,KIRNE (N),Inv : Relay Protections : 0049.001.0025,pcs,1,815,NPR
,,,,,,,,,,,,KIRNE (N),Inv : Relay Protections : 0049.001.0026,pcs,2,775,NPR
,,,,,,,,,,,,KIRNE (N),Inv : Relay Protections : 0049.001.0027,pcs,6,620,NPR
,,,,,,,,,,,,KIRNE (N),Inv : Relay Protections : 0049.001.0028,pcs,18,785,NPR
,,,,,,,,,,,,KIRNE (N),Inv : Relay Protections : 0049.001.0029,pcs,8,2852.91875,NPR
,,,,,,,,,,,,KIRNE (N),Inv : Relay Protections : 0049.001.0030,pcs,5,1300,NPR
,,,,,,,,,,,,KIRNE (N),Inv : Relay Protections : 0049.001.0031,pcs,1,1387,NPR
,,,,,,,,,,,,KIRNE (N),Inv : Relay Protections : 0049.001.0032,pcs,2,30548.15,NPR
,,,,,,,,,,,,KIRNE (N),Inv : Relay Protections : 0049.001.0033,pcs,19,755,NPR
,,,,,,,,,,,,KIRNE (N),Inv : Relay Protections : 0049.001.0034,pcs,24,860.51875,NPR
,,,,,,,,,,,,KIRNE (N),Inv : Relay Protections : 0049.001.0035,pcs,8,925,NPR
,,,,,,,,,,,,KIRNE (N),Inv : Relay Protections : 0049.001.0036,pcs,1,705,NPR
,,,,,,,,,,,,KIRNE (N),Inv : Relay Protections : 0049.001.0037,pcs,2,705,NPR
,,,,,,,,,,,,KIRNE (N),Inv : Relay Protections : 0049.001.0038,pcs,7,713,NPR
,,,,,,,,,,,,KIRNE (N),Inv : Relay Protections : 0049.001.0039,pcs,2,725,NPR
,,,,,,,,,,,,KIRNE (N),Inv : Relay Protections : 0049.001.0040,pcs,1,725,NPR
,,,,,,,,,,,,KIRNE (N),Inv : Relay Protections : 0049.001.0041,pcs,4,820,NPR
,,,,,,,,,,,,KIRNE (N),Inv : Relay Protections : 0049.001.0042,pcs,1,820,NPR
,,,,,,,,,,,,KIRNE (N),Inv : Relay Protections : 0049.001.0043,pcs,2,820,NPR
,,,,,,,,,,,,KIRNE (N),Inv : Relay Protections : 0049.001.0044,pcs,1,835,NPR
,,,,,,,,,,,,KIRNE (N),Inv : Relay Protections : 0049.001.0045,pcs,6,614,NPR
,,,,,,,,,,,,KIRNE (N),Inv : Relay Protections : 0049.001.0046,pcs,3,30548.15,NPR
,,,,,,,,,,,,KIRNE (N),Inv : Relay Protections : 0049.001.0047,pcs,2,15270.675,NPR
,,,,,,,,,,,,KIRNE (N),Inv : Relay Protections : 0049.001.0048,pcs,3,14185.08333,NPR
,,,,,,,,,,,,KIRNE (N),Inv : Relay Protections : 0049.001.0049,pcs,2,1591.2,NPR
,,,,,,,,,,,,KIRNE (N),Inv : Relay Protections : 0049.001.0050,pcs,2,646,NPR
,,,,,,,,,,,,KIRNE (N),Inv : Relay Protections : 0049.001.0051,pcs,3,8000,NPR
,,,,,,,,,,,,KIRNE (N),Inv : Relay Protections : 0049.001.0052,pcs,2,820,NPR
,,,,,,,,,,,,KIRNE (N),Inv : Relay Protections : 0049.001.0054,pcs,1,2289.9,NPR
,,,,,,,,,,,,KIRNE (N),Inv : Relay Protections : 0049.001.0055,pcs,1,1320,NPR
,,,,,,,,,,,,KIRNE (N),Inv : Relay Protections : 0049.001.0056,pcs,1,36637.55,NPR
,,,,,,,,,,,,KIRNE (N),Inv : Relay Protections : 0049.001.0057,pcs,5,4931.36,NPR
,,,,,,,,,,,,KIRNE (N),Inv : Relay Protections : 0049.001.0058,pcs,3,4706.45,NPR
,,,,,,,,,,,,KIRNE (N),Inv : Relay Protections : 0049.001.0059,pcs,2,2714.05,NPR
,,,,,,,,,,,,KIRNE (N),Inv : Relay Protections : 0049.001.0060,pcs,2,4990.775,NPR
,,,,,,,,,,,,KIRNE (N),Inv : Relay Protections : 0049.001.0061,pcs,2,9981.975,NPR
,,,,,,,,,,,,KIRNE (N),Inv : Relay Protections : 0049.001.0062,pcs,5,2568.36,NPR
,,,,,,,,,,,,KIRNE (N),Inv : Relay Protections : 0049.001.0063,pcs,6,2422.64167,NPR
,,,,,,,,,,,,KIRNE (N),Inv : Relay Protections : 0049.001.0064,pcs,1,62718.1,NPR
,,,,,,,,,,,,KIRNE (N),Inv : Relay Protections : 0049.001.0065,pcs,3,2144.55,NPR
,,,,,,,,,,,,KIRNE (N),Inv : Relay Protections : 0049.001.0066,pcs,1,675,NPR
,,,,,,,,,,,,KIRNE (N),Inv : Relay Protections : 0049.001.0067,pcs,1,46335.2,NPR
,,,,,,,,,,,,KIRNE (N),Inv : Relay Protections : 0049.001.0068,pcs,1,46335.2,NPR
,,,,,,,,,,,,KIRNE (N),Inv : Relay Protections : 0049.001.0069,pcs,1,152243.5,NPR
,,,,,,,,,,,,KIRNE (N),Inv : Relay Protections : 0049.001.0070,pcs,1,304487.85,NPR
,,,,,,,,,,,,KIRNE (N),Inv : Sealants : 1006.003.0007,sqft,1.49,152.88591,NPR
,,,,,,,,,,,,KIRNE (N),Inv : Sealants : 1006.003.0010,sqft,5.89,48.34465,NPR
,,,,,,,,,,,,KIRNE (N),Inv : Sealants : 1006.004.0001,pcs,52,12.83115,NPR
,,,,,,,,,,,,KIRNE (N),Inv : Steel : Beam : 1000.005.0002,m,152,42.99211,NPR
,,,,,,,,,,,,KIRNE (N),Inv : Steel : Clamp : 1000.011.0014,pcs,9,24.36667,NPR
,,,,,,,,,,,,KIRNE (N),Inv : Steel : Clamp : 1000.011.0015,pcs,27,42.75185,NPR
,,,,,,,,,,,,KIRNE (N),Inv : Steel : Clamp : 1000.011.0020,pcs,9,12.18333,NPR
,,,,,,,,,,,,KIRNE (N),Inv : Steel : Clamp : 1000.011.0024,pcs,14,916.05714,NPR
,,,,,,,,,,,,KIRNE (N),Inv : Steel : Clamp : 1000.011.0026,pcs,8,158.41875,NPR
,,,,,,,,,,,,KIRNE (N),Inv : Steel : Clamp : 1000.011.0027,pcs,7,158.46429,NPR
,,,,,,,,,,,,KIRNE (N),Inv : Steel : Clamp : 1000.011.0028,pcs,1,158.1,NPR
,,,,,,,,,,,,KIRNE (N),Inv : Steel : Clamp : 1000.011.0029,pcs,3,158.38333,NPR
,,,,,,,,,,,,KIRNE (N),Inv : Steel : Iron : Channel : 1000.004.0002,m,40,42.98875,NPR
,,,,,,,,,,,,KIRNE (N),Inv : Steel : Iron : Channel : 1000.004.0003,m,1526.04,42.99406,NPR
,,,,,,,,,,,,KIRNE (N),Inv : Steel : Rod : 1000.006.0007,m,23,72.17609,NPR
,,,,,,,,,,,,KIRNE (N),Inv : Steel : Shaft : 1000.013.0001,m,14.6,345.06507,NPR
,,,,,,,,,,,,KIRNE (N),Inv : Steel : Sheet : 1000.008.0011,sqft,240,235,NPR
,,,,,,,,,,,,KIRNE (N),Inv : Surge Arrestors : 0043.001.0001,pcs,3,280755,NPR
,,,,,,,,,,,,KIRNE (N),Inv : Surge Arrestors : 0043.001.0002,pcs,1,13000,NPR
,,,,,,,,,,,,KIRNE (N),Inv : Switchgears : 0039.001.0001,pcs,35,675,NPR
,,,,,,,,,,,,KIRNE (N),Inv : Switchgears : 0039.001.0002,pcs,3,3350,NPR
,,,,,,,,,,,,KIRNE (N),Inv : Switchgears : 0039.001.0003,pcs,5,3325,NPR
,,,,,,,,,,,,KIRNE (N),Inv : Switchgears : 0039.001.0004,pcs,5,250,NPR
,,,,,,,,,,,,KIRNE (N),Inv : Switchgears : 1000.007.0006,pcs,3,3145.28333,NPR
,,,,,,,,,,,,KIRNE (N),Inv : Switchgears : 2010.001.0001,pcs,1,1465.4,NPR
,,,,,,,,,,,,KIRNE (N),Inv : Switchgears : 2010.001.0002,pcs,3,3053.48333,NPR
,,,,,,,,,,,,KIRNE (N),Inv : Telephone Exchg : 0080.001.0001,pcs,1,420,NPR
,,,,,,,,,,,,KIRNE (N),Inv : Telephone Exchg : 0080.001.0003,pcs,1,5350,NPR
,,,,,,,,,,,,KIRNE (N),Inv : Tools : 0102.001.0001,pcs,1,51680,NPR
,,,,,,,,,,,,KIRNE (N),Inv : Tractor : 0124.001.0001,pcs,6,506.74167,NPR
,,,,,,,,,,,,KIRNE (N),Inv : Tractor : 0124.001.0002,pcs,6,603.5,NPR
,,,,,,,,,,,,KIRNE (N),Inv : Tractor : 0124.001.0003,pcs,6,597.975,NPR
,,,,,,,,,,,,KIRNE (N),Inv : Transformer : Current : 0045.001.0001,pcs,1,14000,NPR
,,,,,,,,,,,,KIRNE (N),Inv : Transformer : Distribution : 0029.001.0002,Set,2,4548.775,NPR
,,,,,,,,,,,,KIRNE (N),Inv : Transformer : Main : 0027.001.0001,Set,1,602,NPR
,,,,,,,,,,,,KIRNE (N),Inv : Transformer : Main : 0027.001.0002,pcs,2,580,NPR
,,,,,,,,,,,,KIRNE (N),Inv : Transformer : Main : 0027.001.0003,Set,1,605,NPR
,,,,,,,,,,,,KIRNE (N),Inv : Transformer : Main : 0027.001.0004,pcs,18,307,NPR
,,,,,,,,,,,,KIRNE (N),Inv : Transformer : Main : 0027.001.0005,pcs,12,309,NPR
,,,,,,,,,,,,KIRNE (N),Inv : Transformer : Main : 0027.001.0006,pcs,19,603,NPR
,,,,,,,,,,,,KIRNE (N),Inv : Transformer : Main : 0027.001.0007,pcs,8,603,NPR
,,,,,,,,,,,,KIRNE (N),Inv : Transformer : Main : 0027.001.0008,pcs,69,107,NPR
,,,,,,,,,,,,KIRNE (N),Inv : Transformer : Main : 0027.001.0009,kg,14.37,322.72791,NPR
,,,,,,,,,,,,KIRNE (N),Inv : Transformer : Main : 0027.001.0010,Set,1,1420,NPR
,,,,,,,,,,,,KIRNE (N),Inv : Transformer : Main : 0027.001.0011,Set,1,75017.6,NPR
,,,,,,,,,,,,KIRNE (N),Inv : Transformer : Main : 0027.001.0012,pcs,1,350,NPR
,,,,,,,,,,,,KIRNE (N),Inv : Transformer : Main : 0027.001.0013,Set,2,6500,NPR
,,,,,,,,,,,,KIRNE (N),Inv : Transformer : Main : 0027.001.0014,pcs,2,2500,NPR
,,,,,,,,,,,,KIRNE (N),Inv : Transformer : Main : 0027.001.0015,L,800,180.62819,NPR
,,,,,,,,,,,,KIRNE (N),Inv : Transformer : Main : 0027.001.0016,pcs,2,3850,NPR
,,,,,,,,,,,,KIRNE (N),Inv : Transformer : Main : 0027.001.0017,pcs,1,2778,NPR
,,,,,,,,,,,,KIRNE (N),Inv : Transformer : Main : 0027.001.0018,pcs,2,2720,NPR
,,,,,,,,,,,,KIRNE (N),Inv : Transformer : Main : 0027.001.0019,pcs,1,820,NPR
,,,,,,,,,,,,KIRNE (N),Inv : Transformer : Main : 0027.001.0020,pcs,3,925,NPR
,,,,,,,,,,,,KIRNE (N),Inv : Transformer : Main : 0027.001.0021,pcs,1,978,NPR
,,,,,,,,,,,,KIRNE (N),Inv : Transformer : Main : 0027.001.0022,pcs,3,1720,NPR
,,,,,,,,,,,,KIRNE (N),Inv : Transformer : Main : 0027.001.0023,Set,3,1500,NPR
,,,,,,,,,,,,KIRNE (N),Inv : Transformer : Main : 0027.001.0024,pcs,2,1675,NPR
,,,,,,,,,,,,KIRNE (N),Inv : Transformer : Main : 0027.001.0026,pcs,2,2178,NPR
,,,,,,,,,,,,KIRNE (N),Inv : Transformer : Main : 0027.002.0001,Set,1,23167.6,NPR
,,,,,,,,,,,,KIRNE (N),Inv : Transformer : Main : 0027.002.0002,pcs,1,360,NPR
,,,,,,,,,,,,KIRNE (N),Inv : Transformer : Station : 0028.001.0001,pcs,1,13238.75,NPR
,,,,,,,,,,,,KIRNE (N),Inv : Transformer : Station : 0029.001.0001,L,495,74.79828,NPR
,,,,,,,,,,,,KIRNE (N),Inv : Transformer : Voltage : 0044.001.0001,pcs,1,15500,NPR
,,,,,,,,,,,,KIRNE (N),Inv : Turbine Governor : 0021.001.0001,pcs,1,4600,NPR
,,,,,,,,,,,,KIRNE (N),Inv : Turbine Governor : 0021.001.0002,pcs,1,4500,NPR
,,,,,,,,,,,,KIRNE (N),Inv : Turbine Governor : 0021.001.0003,pcs,2,42.5,NPR
,,,,,,,,,,,,KIRNE (N),Inv : Turbine Governor : 0021.001.0004,pcs,1,5400,NPR
,,,,,,,,,,,,KIRNE (N),Inv : Turbine Governor : 0021.001.0005,pcs,1,5500,NPR
,,,,,,,,,,,,KIRNE (N),Inv : Turbine Governor : 0021.001.0006,pcs,1,52817.3,NPR
,,,,,,,,,,,,KIRNE (N),Inv : Turbine Governor : 0021.001.0007,pcs,1,43214,NPR
,,,,,,,,,,,,KIRNE (N),Inv : Turbine Governor : 0021.001.0008,pcs,1,38892.6,NPR
,,,,,,,,,,,,KIRNE (N),Inv : Turbine Governor : 0021.001.0009,pcs,1,5600,NPR
,,,,,,,,,,,,KIRNE (N),Inv : Turbine Governor : 0021.001.0010,pcs,1,5700,NPR
,,,,,,,,,,,,KIRNE (N),Inv : Turbine Governor : 0021.001.0011,pcs,3,4801.65,NPR
,,,,,,,,,,,,KIRNE (N),Inv : Turbine Governor : 0021.001.0013,pcs,1,5800,NPR
,,,,,,,,,,,,KIRNE (N),Inv : Turbine Governor : 0021.001.0014,pcs,1,5200,NPR
,,,,,,,,,,,,KIRNE (N),Inv : Turbine Governor : 0021.001.0015,pcs,1,950,NPR
,,,,,,,,,,,,KIRNE (N),Inv : Turbine Governor : 0021.001.0016,pcs,1,1120,NPR
,,,,,,,,,,,,KIRNE (N),Inv : Turbine Governor : 0021.001.0017,pcs,4,15952.5875,NPR
,,,,,,,,,,,,KIRNE (N),Inv : Turbine Governor : 0021.001.0018,pcs,1,4321.4,NPR
,,,,,,,,,,,,KIRNE (N),Inv : Turbine Governor : 0021.001.0019,pcs,1,4321.4,NPR
,,,,,,,,,,,,KIRNE (N),Inv : Turbine Governor : 0021.001.0020,pcs,1,57618.1,NPR
,,,,,,,,,,,,KIRNE (N),Inv : Turbine Governor : 0021.001.0021,pcs,1,544000,NPR
,,,,,,,,,,,,KIRNE (N),Inv : Turbine Governor : 0021.001.0022,pcs,2,5400,NPR
,,,,,,,,,,,,KIRNE (N),Inv : Turbine Governor : 0021.001.0023,pcs,1,13444.45,NPR
,,,,,,,,,,,,KIRNE (N),Inv : Turbine Governor : 0021.001.0024,pcs,1,6618.95,NPR
,,,,,,,,,,,,KIRNE (N),Inv : Turbine Governor : 0021.001.0025,pcs,2,1720,NPR
,,,,,,,,,,,,KIRNE (N),Inv : Turbine Governor : 0021.001.0026,pcs,1,91677.6,NPR
,,,,,,,,,,,,KIRNE (N),Inv : Turbine Governor : 0021.001.0027,pcs,1,5200,NPR
,,,,,,,,,,,,KIRNE (N),Inv : Turbine Governor : 0021.001.0028,pcs,3,365,NPR
,,,,,,,,,,,,KIRNE (N),Inv : Turbine Governor : 0021.001.0029,pcs,6,365,NPR
,,,,,,,,,,,,KIRNE (N),Inv : Turbine Governor : 0021.001.0030,pcs,2,365,NPR
,,,,,,,,,,,,KIRNE (N),Inv : Turbine Governor : 0021.001.0032,pcs,1,77680.65,NPR
,,,,,,,,,,,,KIRNE (N),Inv : Turbine Governor : 0021.001.0033,L,308,310.075,NPR
,,,,,,,,,,,,KIRNE (N),Inv : Turbine Governor : 0021.001.0034,pcs,16,8750,NPR
,,,,,,,,,,,,KIRNE (N),Inv : Turbine Governor : 0021.001.0035,pcs,1,1300,NPR
,,,,,,,,,,,,KIRNE (N),Inv : Turbine Governor : 0021.001.0036,pcs,1,6531.4,NPR
,,,,,,,,,,,,KIRNE (N),Inv : Turbine Governor : 0021.001.0038,pcs,4,34799,NPR
,,,,,,,,,,,,KIRNE (N),Inv : Turbine Governor : 0021.001.0039,pcs,1,4500,NPR
,,,,,,,,,,,,KIRNE (N),Inv : Turbine Governor : 0021.001.0040,pcs,1,4500,NPR
,,,,,,,,,,,,KIRNE (N),Inv : Turbine Governor : 0021.001.0041,pcs,1,1300,NPR
,,,,,,,,,,,,KIRNE (N),Inv : Turbine Governor : 0021.001.0043,pcs,1,4300,NPR
,,,,,,,,,,,,KIRNE (N),Inv : Turbine Governor : 0021.001.0044,pcs,1,4100,NPR
,,,,,,,,,,,,KIRNE (N),Inv : Turbine Governor : 0021.001.0046,pcs,5,44150.7,NPR
,,,,,,,,,,,,KIRNE (N),Inv : Turbine Governor : 0021.001.0049,pcs,4,51911.2,NPR
,,,,,,,,,,,,KIRNE (N),Inv : Turbine Governor : 0021.001.0050,pcs,9,14376.9,NPR
,,,,,,,,,,,,KIRNE (N),Inv : Turbine Governor : 0021.001.0051,pcs,2,268030.5,NPR
,,,,,,,,,,,,KIRNE (N),Inv : Turbine Governor : 0021.001.0053,pcs,1,120745.05,NPR
,,,,,,,,,,,,KIRNE (N),Inv : Turbine Governor : 0021.001.0054,pcs,1,87512.6,NPR
,,,,,,,,,,,,KIRNE (N),Inv : Turbine Governor : 0021.001.0055,pcs,2,10523.85,NPR
,,,,,,,,,,,,KIRNE (N),Inv : Turbine Governor : 0021.001.0056,pcs,1,425931.6,NPR
,,,,,,,,,,,,KIRNE (N),Inv : Turbine Governor : 0021.001.0057,L,1208,407.04797,NPR
,,,,,,,,,,,,KIRNE (N),Inv : Valve : By-Pass : 0019.001.0001,pcs,5,250,NPR
,,,,,,,,,,,,KIRNE (N),Inv : Valve : By-Pass : 0019.001.0002,Set,1,250,NPR
,,,,,,,,,,,,KIRNE (N),Inv : Valve : Float : 1005.002.0001,pcs,2,288.575,NPR
,,,,,,,,,,,,KIRNE (N),Inv : Valve : Gate : 1005.003.0006,pcs,5,2862,NPR
,,,,,,,,,,,,KIRNE (N),Inv : Valve : Inlet : 0017.001.0001,pcs,4,420,NPR
,,,,,,,,,,,,KIRNE (N),Inv : Valve : Inlet : 0017.001.0002,pcs,2,180,NPR
,,,,,,,,,,,,KIRNE (N),Inv : Valve : Inlet : 0017.001.0003,pcs,10,1200,NPR
,,,,,,,,,,,,KIRNE (N),Inv : Valve : Inlet : 0017.001.0004,pcs,2,1135,NPR
,,,,,,,,,,,,KIRNE (N),Inv : Valve : Inlet : 0017.001.0005,pcs,4,350,NPR
,,,,,,,,,,,,KIRNE (N),Inv : Valve : Inlet : 0017.001.0006,pcs,5,365,NPR
,,,,,,,,,,,,KIRNE (N),Inv : Valve : Inlet : 0017.001.0007,pcs,2,345,NPR
,,,,,,,,,,,,KIRNE (N),Inv : Valve : Inlet : 0017.001.0008,pcs,2,345,NPR
,,,,,,,,,,,,KIRNE (N),Inv : Valve : Inlet : 0017.001.0009,pcs,2,345,NPR
,,,,,,,,,,,,KIRNE (N),Inv : Valve : Inlet : 0017.001.0010,pcs,1,365,NPR
,,,,,,,,,,,,KIRNE (N),Inv : Valve : Inlet : 0017.001.0011,pcs,2,370,NPR
,,,,,,,,,,,,KIRNE (N),Inv : Valve : Inlet : 0017.001.0012,pcs,2,355,NPR
,,,,,,,,,,,,KIRNE (N),Inv : Valve : Inlet : 0017.001.0014,pcs,2,558,NPR
,,,,,,,,,,,,KIRNE (N),Inv : Valve : Inlet : 0017.001.0016,Set,1,1965267.15,NPR
,,,,,,,,,,,,KIRNE (N),Inv : Valve : Inlet : 0017.001.0017,pcs,2,607,NPR
,,,,,,,,,,,,KIRNE (N),Inv : Valve : Inlet : 0017.001.0018,pcs,2,17765.425,NPR
,,,,,,,,,,,,KIRNE (N),Inv : Valve : Inlet : 0017.001.0019,pcs,1,795,NPR
,,,,,,,,,,,,KIRNE (N),Inv : Valve : Inlet : 0017.001.0020,pcs,1,270,NPR
,,,,,,,,,,,,KIRNE (N),Inv : Valve : Inlet : 0017.001.0021,pcs,1,260,NPR
,,,,,,,,,,,,KIRNE (N),Inv : Valve : Inlet : 0017.001.0022,pcs,1,250,NPR
,,,,,,,,,,,,KIRNE (N),Inv : Valve : Inlet : 0017.001.0023,pcs,2,250,NPR
,,,,,,,,,,,,KIRNE (N),Inv : Valve : Inlet : 0017.001.0024,pcs,1,250,NPR
,,,,,,,,,,,,KIRNE (N),Inv : Valve : Inlet : 0017.001.0025,pcs,1,250,NPR
,,,,,,,,,,,,KIRNE (N),Inv : Valve : Inlet : 0017.001.0026,pcs,10,620,NPR
,,,,,,,,,,,,KIRNE (N),Inv : Valve : Inlet : 0017.001.0027,pcs,5,1517.08,NPR
,,,,,,,,,,,,KIRNE (N),Inv : Valve : Inlet : 0017.001.0028,pcs,122,132,NPR
,,,,,,,,,,,,KIRNE (N),Inv : Valve : Inlet : 0017.001.0029,pcs,4,22030.0875,NPR
,,,,,,,,,,,,KIRNE (N),Inv : Valve : Inlet : 0017.001.0030,Set,4,620,NPR
,,,,,,,,,,,,KIRNE (N),Inv : Valve : Inlet : 0017.001.0031,pcs,12,289,NPR
,,,,,,,,,,,,KIRNE (N),Inv : Valve : Inlet : 0017.001.0032,pcs,10,289,NPR
,,,,,,,,,,,,KIRNE (N),Inv : Valve : Inlet : 0017.001.0033,pcs,4,3570,NPR
,,,,,,,,,,,,KIRNE (N),Inv : Valve : Inlet : 0017.001.0034,pcs,1,2730.2,NPR
,,,,,,,,,,,,KIRNE (N),Inv : Valve : Revision : 0016.001.0001,pcs,1,4500,NPR
,,,,,,,,,,,,KIRNE (N),Inv : Valve : Shutdown : 0018.001.0001,pcs,4,65,NPR
,,,,,,,,,,,,KIRNE (N),Inv : Valve : Shutdown : 0018.001.0002,pcs,5,52,NPR
,,,,,,,,,,,,KIRNE (N),Inv : Valve : Shutdown : 0018.001.0003,pcs,6,40,NPR
,,,,,,,,,,,,KIRNE (N),Inv : Valve : Shutdown : 0018.001.0004,pcs,5,45,NPR
,,,,,,,,,,,,KIRNE (N),Inv : Valve : Shutdown : 0018.001.0005,pcs,2,250,NPR
,,,,,,,,,,,,KIRNE (N),Inv : Valve : Shutdown : 0018.001.0006,pcs,2,283,NPR
,,,,,,,,,,,,KIRNE (N),Inv : Valve : Shutdown : 0018.001.0007,pcs,6,302,NPR
,,,,,,,,,,,,KIRNE (N),Inv : Valve : Shutdown : 0018.001.0008,pcs,2,325,NPR
,,,,,,,,,,,,KIRNE (N),Inv : Valve : Shutdown : 0018.001.0009,pcs,14,310,NPR
,,,,,,,,,,,,KIRNE (N),Inv : Valve : Shutdown : 0018.001.0010,pcs,9,320,NPR
,,,,,,,,,,,,KIRNE (N),Inv : Valve : Shutdown : 0018.001.0011,pcs,4,390,NPR
,,,,,,,,,,,,KIRNE (N),Inv : Valve : Shutdown : 0018.001.0012,pcs,5,180,NPR
,,,,,,,,,,,,KIRNE (N),Inv : Valve : Shutdown : 0018.001.0013,pcs,4,350,NPR
,,,,,,,,,,,,KIRNE (N),Inv : Valve : Shutdown : 0018.001.0014,pcs,4,200,NPR
,,,,,,,,,,,,KIRNE (N),Inv : Valve : Shutdown : 0018.001.0015,pcs,16,150,NPR
,,,,,,,,,,,,KIRNE (N),Inv : Valve : Shutdown : 0018.001.0016,pcs,64,120,NPR
,,,,,,,,,,,,KIRNE (N),Inv : Valve : Shutdown : 0018.001.0017,pcs,45,150,NPR
,,,,,,,,,,,,KIRNE (N),Inv : Valve : Shutdown : 0018.001.0018,pcs,12,220,NPR
,,,,,,,,,,,,KIRNE (N),Inv : Valve : Shutdown : 0018.001.0019,pcs,1,350,NPR
,,,,,,,,,,,,KIRNE (N),Inv : Valve : Shutdown : 0018.001.0020,pcs,1,325,NPR
,,,,,,,,,,,,KIRNE (N),Inv : Valve : Shutdown : 0018.001.0021,pcs,150,285,NPR
,,,,,,,,,,,,KIRNE (N),Inv : Valve : Shutdown : 0018.001.0022,pcs,6,1250,NPR
,,,,,,,,,,,,KIRNE (N),Inv : Valve : Shutdown : 0018.001.0023,pcs,1,620,NPR
,,,,,,,,,,,,KIRNE (N),Inv : Valve : Shutdown : 0018.001.0024,pcs,12,335,NPR
,,,,,,,,,,,,KIRNE (N),Inv : Valve : Shutdown : 0018.001.0025,pcs,2,338,NPR
,,,,,,,,,,,,KIRNE (N),Inv : Valve : Shutdown : 0018.001.0026,pcs,2,345,NPR
,,,,,,,,,,,,KIRNE (N),Inv : Valve : Shutdown : 0018.001.0027,pcs,1,418,NPR
,,,,,,,,,,,,KIRNE (N),Inv : Valve : Shutdown : 0018.001.0028,pcs,1,620,NPR
,,,,,,,,,,,,KIRNE (N),Inv : Valve : Shutdown : 0018.001.0029,pcs,1,975,NPR
,,,,,,,,,,,,KIRNE (N),Inv : Valve : Shutdown : 0018.001.0030,pcs,1,735,NPR
,,,,,,,,,,,,KIRNE (N),Inv : Valve : Shutdown : 0018.001.0031,pcs,1,385,NPR
,,,,,,,,,,,,KIRNE (N),Inv : Valve : Shutdown : 0018.001.0032,pcs,1,193,NPR
,,,,,,,,,,,,KIRNE (N),Inv : Valve : Shutdown : 0018.001.0033,pcs,2,183,NPR
,,,,,,,,,,,,KIRNE (N),Inv : Valve : Shutdown : 0018.001.0034,pcs,3,203,NPR
,,,,,,,,,,,,KIRNE (N),Inv : Valve : Shutdown : 0018.001.0035,pcs,32,109,NPR
,,,,,,,,,,,,KIRNE (N),Inv : Valve : Shutdown : 0018.001.0036,pcs,2,205,NPR
,,,,,,,,,,,,KIRNE (N),Inv : Valve : Shutdown : 0018.001.0037,pcs,1,195,NPR
,,,,,,,,,,,,KIRNE (N),Inv : Valve : Shutdown : 0018.001.0038,pcs,1,205,NPR
,,,,,,,,,,,,KIRNE (N),Inv : Valve : Shutdown : 0018.001.0039,pcs,4,298,NPR
,,,,,,,,,,,,KIRNE (N),Inv : Valve : Shutdown : 0018.001.0040,pcs,1,459,NPR
,,,,,,,,,,,,KIRNE (N),Inv : Valve : Shutdown : 0018.001.0041,pcs,1,475,NPR
,,,,,,,,,,,,KIRNE (N),Inv : Valve : Shutdown : 0018.001.0042,pcs,6,345,NPR
,,,,,,,,,,,,KIRNE (N),Inv : Valve : Shutdown : 0018.001.0043,pcs,2,375,NPR
,,,,,,,,,,,,KIRNE (N),Inv : Valve : Shutdown : 0018.001.0044,pcs,1,336,NPR
,,,,,,,,,,,,KIRNE (N),Inv : Valve : Shutdown : 0018.001.0045,pcs,1,635,NPR
,,,,,,,,,,,,KIRNE (N),Inv : Valve : Shutdown : 0018.001.0046,pcs,2,275,NPR
,,,,,,,,,,,,KIRNE (N),Inv : Valve : Shutdown : 0018.001.0047,pcs,1,277,NPR
,,,,,,,,,,,,KIRNE (N),Inv : Valve : Shutdown : 0018.001.0048,pcs,3,420,NPR
,,,,,,,,,,,,KIRNE (N),Inv : Valve : Shutdown : 0018.001.0049,pcs,2,307,NPR
,,,,,,,,,,,,KIRNE (N),Inv : Valve : Shutdown : 0018.001.0050,pcs,1,620,NPR
,,,,,,,,,,,,KIRNE (N),Inv : Valve : Shutdown : 0018.001.0051,pcs,1,435,NPR
,,,,,,,,,,,,KIRNE (N),Inv : Valve : Shutdown : 0018.001.0052,pcs,4,435,NPR
,,,,,,,,,,,,KIRNE (N),Inv : Valve : Shutdown : 0018.001.0053,pcs,1,375,NPR
,,,,,,,,,,,,KIRNE (N),Inv : Valve : Shutdown : 0018.001.0054,pcs,1,3920,NPR
,,,,,,,,,,,,KIRNE (N),Inv : Valve : Shutdown : 0018.001.0055,pcs,1,3920,NPR
,,,,,,,,,,,,KIRNE (N),Inv : Valve : Shutdown : 0018.001.0056,pcs,1,3920,NPR
,,,,,,,,,,,,KIRNE (N),Inv : Valve : Shutdown : 0018.001.0057,pcs,1,478,NPR
,,,,,,,,,,,,KIRNE (N),Inv : Voltage Reg : 0023.001.0001,pcs,1,9000,NPR
,,,,,,,,,,,,KIRNE (N),Inv : Voltage Reg : 0023.001.0002,pcs,1,7000,NPR
,,,,,,,,,,,,KIRNE (N),Inv : Voltage Reg : 0023.001.0003,pcs,1,5500,NPR
,,,,,,,,,,,,KIRNE (N),Inv : Voltage Reg : 0023.001.0004,pcs,1,9000,NPR
,,,,,,,,,,,,KIRNE (N),Inv : Voltage Reg : 0023.001.0005,pcs,2,9000,NPR
,,,,,,,,,,,,KIRNE (N),Inv : Water Level Monitor : 0060.001.0001,pcs,3,76525.78333,NPR
,,,,,,,,,,,,KIRNE (N),Inv : Wheel Loader : 0125.001.0001,pcs,10,1715.725,NPR
,,,,,,,,,,,,KIRNE (N),Inv : Wheel Loader : 0125.001.0002,pcs,7,2833.9,NPR
,,,,,,,,,,,,KIRNE (N),Inv : Wheel Loader : 0125.001.0003,pcs,1,82622.55,NPR
,,,,,,,,,,,,KIRNE (N),Inv : Wheel Loader : 0125.001.0004,pcs,1,3097.4,NPR
,,,,,,,,,,,,KIRNE (N),Inv : Wheel Loader : 0125.001.0005,pcs,2,359.55,NPR
,,,,,,,,,,,,KIRNE (N),Inv : Wheel Loader : 0125.001.0006,pcs,2,11630.125,NPR
,,,,,,,,,,,,KIRNE (N),Inv : Wheel Loader : 0125.001.0007,pcs,1,618.8,NPR
,,,,,,,,,,,,KIRNE (N),Inv : Wheel Loader : 0125.001.0008,pcs,2,298.35,NPR
,,,,,,,,,,,,KIRNE (N),Inv : Wheel Loader : 0125.001.0009,Set,1,7662.75,NPR
,,,,,,,,,,,,KIRNE (N),Inv : Wheel Loader : 0125.001.0011,Set,2,9027.85,NPR
,,,,,,,,,,,,KIRNE (N),Inv : Wheel Loader : 0125.001.0012,Set,1,15834.65,NPR
,,,,,,,,,,,,KIRNE (N),Inv : Wheel Loader : 0125.001.0013,Set,1,40689.5,NPR
,,,,,,,,,,,,KIRNE (N),Inv : Wheel Loader : 0125.001.0014,pcs,2,1734.425,NPR
,,,,,,,,,,,,KIRNE (N),Inv : Wheel Loader : 0125.001.0015,pcs,24,10.37708,NPR
,,,,,,,,,,,,KIRNE (N),Inv : Wheel Loader : 0125.001.0016,pcs,2,4332.025,NPR
,,,,,,,,,,,,KIRNE (N),Inv : Wheel Loader : 0125.001.0017,pcs,2,14198.4,NPR
,,,,,,,,,,,,KIRNE (N),Inv : Wheel Loader : 0125.001.0018,pcs,2,1600,NPR
,,,,,,,,,,,,KIRNE (N),Inv : Wheel Loader : 0125.001.0021,pcs,4,1800,NPR
,,,,,,,,,,,,KIRNE (N),Inv : Wheel Loader : 0125.001.0022,pcs,2,1900,NPR
,,,,,,,,,,,,KIRNE (N),Inv : Wheel Loader : 0125.001.0023,pcs,10,370,NPR
,,,,,,,,,,,,KIRNE (N),Inv : Wheel Loader : 0125.001.0024,pcs,8,385,NPR
,,,,,,,,,,,,KIRNE (N),Inv : Wheel Loader : 0125.001.0026,pcs,1,321.3,NPR
,,,,,,,,,,,,KIRNE (N),Inv : Wheel Loader : 0125.001.0027,pcs,4,461.975,NPR
,,,,,,,,,,,,KIRNE (N),Inv : Wheel Loader : 0125.001.0029,pcs,4,1127.95,NPR
,,,,,,,,,,,,KIRNE (N),Inv : Abrasive : Cutting : 1007.006.0002,pcs,5,66.928,NPR
,,,,,,,,,,,,KIRNE (N),Inv : Abrasive : Cutting : 1007.006.0003,pcs,82,109.33427,NPR
,,,,,,,,,,,,KIRNE (N),Inv : Abrasive : Cutting : 1007.006.0004,pcs,3,216.07,NPR
,,,,,,,,,,,,KIRNE (N),Inv : Abrasive : Grinding : 1007.002.0001,pcs,87,45.67793,NPR
,,,,,,,,,,,,KIRNE (N),Inv : Abrasive : Grinding : 1007.002.0002,pcs,34,73,NPR
,,,,,,,,,,,,KIRNE (N),Inv : Abrasive : Grinding : 1007.002.0003,pcs,30,102.4,NPR
,,,,,,,,,,,,KIRNE (N),Inv : Abrasive : Grinding : 1007.004.0001,pcs,20,235.025,NPR
,,,,,,,,,,,,KIRNE (N),Inv : Abrasive : Grinding : 1007.004.0002,pcs,82,382,NPR
,,,,,,,,,,,,KIRNE (N),Inv : Abrasive : Grinding : 1007.004.0003,pcs,304,150,NPR
,,,,,,,,,,,,KIRNE (N),Inv : Abrasive : Polishing : 1007.005.0005,pcs,272,224.63176,NPR
,,,,,,,,,,,,KIRNE (N),Inv : Abrasive : Polishing : 1007.005.0006,pcs,448,259.34257,NPR
,,,,,,,,,,,,KIRNE (N),Inv : Abrasive : Polishing : 1007.005.0007,pcs,222,200,NPR
,,,,,,,,,,,,KIRNE (N),Inv : AC Supply : 0098.001.0002,pcs,1,1050,NPR
,,,,,,,,,,,,KIRNE (N),Inv : AC Supply : 0098.001.0003,pcs,3,1050,NPR
,,,,,,,,,,,,KIRNE (N),Inv : AC Supply : 0098.001.0004,pcs,2,650,NPR
,,,,,,,,,,,,KIRNE (N),Inv : AC Supply : 0098.001.0006,pcs,1,18700,NPR
,,,,,,,,,,,,KIRNE (N),Inv : AC Supply : 0098.001.0009,pcs,1,4800,NPR
,,,,,,,,,,,,KIRNE (N),Inv : AC Supply : 0098.001.0010,pcs,1,99289.35,NPR
,,,,,,,,,,,,KIRNE (N),Inv : AC Supply : 0098.001.0011,pcs,3,41598.15,NPR
,,,,,,,,,,,,KIRNE (N),Inv : Additive : 1008.001.0005,kg,250,52.82,NPR
,,,,,,,,,,,,KIRNE (N),Inv : Additive : Acids : 1008.001.0001,L,7.2,30,NPR
,,,,,,,,,,,,KIRNE (N),Inv : Additive : Chlorine Powder : 1008.001.0003,kg,150,55.83333,NPR
,,,,,,,,,,,,KIRNE (N),Inv : Adhesives : 1006.001.0002,L,2,422.735,NPR
,,,,,,,,,,,,KIRNE (N),Inv : AV : Connector : 2001.001.0002,pcs,76,18.31974,NPR
,,,,,,,,,,,,KIRNE (N),Inv : AV : Connector : 2001.001.0003,pcs,116,24.43017,NPR
,,,,,,,,,,,,KIRNE (N),Inv : AV : Connector : 2001.001.0004,pcs,40,24.41625,NPR
,,,,,,,,,,,,KIRNE (N),Inv : AV : Connector : 2001.001.0005,pcs,37,11.83108,NPR
,,,,,,,,,,,,KIRNE (N),Inv : AV : Power Pass : 2001.002.0001,pcs,4,182.9625,NPR
,,,,,,,,,,,,KIRNE (N),Inv : AV : Power Pass : 2001.002.0002,pcs,4,182.9625,NPR
,,,,,,,,,,,,KIRNE (N),Inv : AV : Power Pass : 2001.002.0003,pcs,5,256.36,NPR
,,,,,,,,,,,,KIRNE (N),Inv : AV : Power Pass : 2001.002.0005,pcs,4,183.175,NPR
,,,,,,,,,,,,KIRNE (N),Inv : Bathroom : Fixture : 1010.002.0006,pcs,24,105.48875,NPR
,,,,,,,,,,,,KIRNE (N),Inv : Bathroom : Geyser : 1010.003.0003,pcs,27,202.33667,NPR
,,,,,,,,,,,,KIRNE (N),Inv : Breaker Cubicles : 0034.001.0002,pcs,2,1382,NPR
,,,,,,,,,,,,KIRNE (N),Inv : Breaker Cubicles : 0034.001.0003,pcs,2,1382,NPR
,,,,,,,,,,,,KIRNE (N),Inv : Breaker Cubicles : 0034.001.0004,pcs,1,1382,NPR
,,,,,,,,,,,,KIRNE (N),Inv : Breaker Cubicles : 0034.001.0005,pcs,2,124944,NPR
,,,,,,,,,,,,KIRNE (N),Inv : Breaker Cubicles : 0034.001.0006,pcs,20,330.9475,NPR
,,,,,,,,,,,,KIRNE (N),Inv : Breaker Cubicles : 0034.001.0007,pcs,11,330.95909,NPR
,,,,,,,,,,,,KIRNE (N),Inv : Breaker Cubicles : 0034.001.0008,pcs,7,331.01429,NPR
,,,,,,,,,,,,KIRNE (N),Inv : Breaker Cubicles : 0034.001.0009,pcs,1,115838,NPR
,,,,,,,,,,,,KIRNE (N),Inv : Breaker Cubicles : 0034.001.0010,pcs,1,377300.55,NPR
,,,,,,,,,,,,KIRNE (N),Inv : Breaker Cubicles : 0034.001.0011,pcs,1,62883,NPR
,,,,,,,,,,,,KIRNE (N),Inv : Breaker Cubicles : 0034.001.0012,pcs,1,72812.7,NPR
,,,,,,,,,,,,KIRNE (N),Inv : Breaker Cubicles : 0034.001.0013,pcs,1,79431.65,NPR
,,,,,,,,,,,,KIRNE (N),Inv : Breaker Cubicles : 0034.001.0014,pcs,1,119147.05,NPR
,,,,,,,,,,,,KIRNE (N),Inv : Breaker Cubicles : 0034.001.0015,pcs,1,119147.05,NPR
,,,,,,,,,,,,KIRNE (N),Inv : Breaker Cubicles : 0034.001.0016,pcs,1,92670.4,NPR
,,,,,,,,,,,,KIRNE (N),Inv : Breaker Cubicles : 0034.001.0017,pcs,1,92670.4,NPR
,,,,,,,,,,,,KIRNE (N),Inv : Breaker Cubicles : 0034.001.0018,pcs,2,5600,NPR
,,,,,,,,,,,,KIRNE (N),Inv : Breaker Cubicles : 0034.001.0019,pcs,3,4500,NPR
,,,,,,,,,,,,KIRNE (N),Inv : Breaker Cubicles : 0034.001.0020,pcs,8,750,NPR
,,,,,,,,,,,,KIRNE (N),Inv : Breaker Cubicles : 0034.001.0021,pcs,3,11233.6,NPR
,,,,,,,,,,,,KIRNE (N),Inv : Breathing Equip : 0105.001.0001,pcs,1,111535.3,NPR
,,,,,,,,,,,,KIRNE (N),Inv : Busbar : 0036.001.0001,pcs,20,75,NPR
,,,,,,,,,,,,KIRNE (N),Inv : Busbar : 0036.001.0002,pcs,3,2550,NPR
,,,,,,,,,,,,KIRNE (N),Inv : Busbar : 0036.001.0003,pcs,2,1820,NPR
,,,,,,,,,,,,KIRNE (N),Inv : Busbar : 0036.001.0004,pcs,34,1735,NPR
,,,,,,,,,,,,KIRNE (N),Inv : Busbar : 0036.001.0005,pcs,23,350,NPR
,,,,,,,,,,,,KIRNE (N),Inv : Busbar : 0036.001.0006,pcs,182,625,NPR
,,,,,,,,,,,,KIRNE (N),Inv : Busbar : 0036.001.0007,pcs,12,713,NPR
,,,,,,,,,,,,KIRNE (N),Inv : Busbar : 0036.001.0008,pcs,4,425,NPR
,,,,,,,,,,,,KIRNE (N),Inv : Cable : 0037.001.0001,Set,2,2881.075,NPR
,,,,,,,,,,,,KIRNE (N),Inv : Cable : 0037.001.0002,Set,2,2881.075,NPR
,,,,,,,,,,,,KIRNE (N),Inv : Cable : 0037.001.0003,Set,2,2881.075,NPR
,,,,,,,,,,,,KIRNE (N),Inv : Cable : 0037.001.0004,Set,1,2880.65,NPR
,,,,,,,,,,,,KIRNE (N),Inv : Cable : 0037.001.0005,pcs,5,3250,NPR
,,,,,,,,,,,,KIRNE (N),Inv : Cable : 0037.001.0006,pcs,2,5650,NPR
,,,,,,,,,,,,KIRNE (N),Inv : Cable : 0037.001.0007,pcs,2,3250,NPR
,,,,,,,,,,,,KIRNE (N),Inv : Cable : 0037.001.0008,pcs,1,3250,NPR
,,,,,,,,,,,,KIRNE (N),Inv : Cable : 0037.001.0009,pcs,1,5650,NPR
,,,,,,,,,,,,KIRNE (N),Inv : Cable : 0037.001.0010,pcs,2,3250,NPR
,,,,,,,,,,,,KIRNE (N),Inv : Cable : 0037.001.0011,pcs,8,1175,NPR
,,,,,,,,,,,,KIRNE (N),Inv : Cable : 0037.001.0012,pcs,7,1175,NPR
,,,,,,,,,,,,KIRNE (N),Inv : Cable : 0037.001.0013,pcs,3,1650,NPR
,,,,,,,,,,,,KIRNE (N),Inv : Cable : 0037.001.0014,pcs,1,985,NPR
,,,,,,,,,,,,KIRNE (N),Inv : Cable : 0037.001.0015,pcs,3,1175,NPR
,,,,,,,,,,,,KIRNE (N),Inv : Cable : 0037.001.0016,pcs,8,1280,NPR
,,,,,,,,,,,,KIRNE (N),Inv : Cable : 0037.001.0017,pcs,1,1320,NPR
,,,,,,,,,,,,KIRNE (N),Inv : Cable : 0037.001.0018,pcs,3,1320,NPR
,,,,,,,,,,,,KIRNE (N),Inv : Cable : 0037.001.0019,pcs,1,1650,NPR
,,,,,,,,,,,,KIRNE (N),Inv : Cable : 0037.001.0020,pcs,5,1950,NPR
,,,,,,,,,,,,KIRNE (N),Inv : Cable : 0037.001.0021,pcs,2,1950,NPR
,,,,,,,,,,,,KIRNE (N),Inv : Cable : 0037.001.0022,pcs,5,1950,NPR
,,,,,,,,,,,,KIRNE (N),Inv : Cable : 0037.001.0023,pcs,1,1550,NPR
,,,,,,,,,,,,KIRNE (N),Inv : Cable : 0037.001.0024,pcs,1,1765,NPR
,,,,,,,,,,,,KIRNE (N),Inv : Cable : 0037.001.0025,pcs,30,250,NPR
,,,,,,,,,,,,KIRNE (N),Inv : Cable : 0037.001.0026,pcs,36,270,NPR
,,,,,,,,,,,,KIRNE (N),Inv : Cable : 0037.001.0027,pcs,40,245,NPR
,,,,,,,,,,,,KIRNE (N),Inv : Cable : 0037.001.0028,pcs,65,275,NPR
,,,,,,,,,,,,KIRNE (N),Inv : Cable : 0037.001.0029,pcs,5,450,NPR
,,,,,,,,,,,,KIRNE (N),Inv : Cable : 0037.001.0030,pcs,2,460,NPR
,,,,,,,,,,,,KIRNE (N),Inv : Cable : 0037.001.0031,pcs,1,320,NPR
,,,,,,,,,,,,KIRNE (N),Inv : Cable : 0037.001.0032,pcs,2,50,NPR
,,,,,,,,,,,,KIRNE (N),Inv : Cable : 0037.001.0033,Set,7,2880.89286,NPR
,,,,,,,,,,,,KIRNE (N),Inv : Cable : 0037.001.0034,pcs,1,110,NPR
,,,,,,,,,,,,KIRNE (N),Inv : Cable : 0037.001.0035,pcs,4,76,NPR
,,,,,,,,,,,,KIRNE (N),Inv : Cable : 0037.001.0036,pcs,3,85,NPR
,,,,,,,,,,,,KIRNE (N),Inv : Cable : 0037.001.0037,pcs,5,125,NPR
,,,,,,,,,,,,KIRNE (N),Inv : Cable : 0037.001.0038,pcs,8,245,NPR
,,,,,,,,,,,,KIRNE (N),Inv : Cable : 0037.001.0039,pcs,17,185,NPR
,,,,,,,,,,,,KIRNE (N),Inv : Cable : 0037.001.0040,pcs,51,210,NPR
,,,,,,,,,,,,KIRNE (N),Inv : Cable : 0037.001.0041,pcs,5,275,NPR
,,,,,,,,,,,,KIRNE (N),Inv : Cable : 0037.001.0042,pcs,28,245,NPR
,,,,,,,,,,,,KIRNE (N),Inv : Cable : 0037.001.0043,pcs,2,250,NPR
,,,,,,,,,,,,KIRNE (N),Inv : Cable : 0037.001.0044,pcs,4,270,NPR
,,,,,,,,,,,,KIRNE (N),Inv : Cable : 0037.001.0045,pcs,1,125,NPR
,,,,,,,,,,,,KIRNE (N),Inv : Cable : 0037.001.0046,pcs,6,125,NPR
,,,,,,,,,,,,KIRNE (N),Inv : Cable : 0037.001.0047,pcs,3,270,NPR
,,,,,,,,,,,,KIRNE (N),Inv : Cable : 0037.001.0048,pcs,3,275,NPR
,,,,,,,,,,,,KIRNE (N),Inv : Cable : 0037.001.0050,pcs,1,85,NPR
,,,,,,,,,,,,KIRNE (N),Inv : Cable : 0037.001.0052,Set,3,987,NPR
,,,,,,,,,,,,KIRNE (N),Inv : Cable : 0037.001.0053,Set,21,987,NPR
,,,,,,,,,,,,KIRNE (N),Inv : Cable : 0037.001.0054,Set,21,987,NPR
,,,,,,,,,,,,KIRNE (N),Inv : Cable : 0037.001.0055,pcs,21,210,NPR
,,,,,,,,,,,,KIRNE (N),Inv : Cable : 0037.001.0056,Set,1,893,NPR
,,,,,,,,,,,,KIRNE (N),Inv : Cable : 0037.001.0057,Set,3,28938.25,NPR
,,,,,,,,,,,,KIRNE (N),Inv : Cable : 0037.001.0058,Set,2,15869.075,NPR
,,,,,,,,,,,,KIRNE (N),Inv : Cable : Cable Shoe : 2005.001.0001,pcs,57,4.87632,NPR
,,,,,,,,,,,,KIRNE (N),Inv : Cable : Cable Shoe : 2005.001.0002,pcs,55,6.70727,NPR
,,,,,,,,,,,,KIRNE (N),Inv : Cable : Cable Shoe : 2005.001.0003,pcs,9,7.93333,NPR
,,,,,,,,,,,,KIRNE (N),Inv : Cable : Cable Shoe : 2005.001.0004,pcs,75,9.78067,NPR
,,,,,,,,,,,,KIRNE (N),Inv : Cable : Cable Shoe : 2005.001.0005,pcs,52,15.87212,NPR
,,,,,,,,,,,,KIRNE (N),Inv : Cable : Cable Shoe : 2005.001.0006,pcs,43,18.32442,NPR
,,,,,,,,,,,,KIRNE (N),Inv : Cable : Cable Shoe : 2005.001.0019,pcs,56,7.95357,NPR
,,,,,,,,,,,,KIRNE (N),Inv : Cable : Cable Shoe : 2005.001.0020,pcs,13,7.32308,NPR
,,,,,,,,,,,,KIRNE (N),Inv : Cable : Cable Shoe : 2005.001.0021,pcs,85,7.94,NPR
,,,,,,,,,,,,KIRNE (N),Inv : Cable : Cable Shoe : 2005.001.0022,pcs,43,12.82907,NPR
,,,,,,,,,,,,KIRNE (N),Inv : Cable System : 0068.001.0001,m,80,1729.41,NPR
,,,,,,,,,,,,KIRNE (N),Inv : Cable System : 0068.001.0002,m,260,1297.05423,NPR
,,,,,,,,,,,,KIRNE (N),Inv : Circuit Bkr : MCB : 2004.001.0001,pcs,2,97.75,NPR
,,,,,,,,,,,,KIRNE (N),Inv : Circuit Bkr : MCB : 2004.001.0003,pcs,1,65.45,NPR
,,,,,,,,,,,,KIRNE (N),Inv : Circuit Bkr : MCB : 2004.001.0004,pcs,10,225,NPR
,,,,,,,,,,,,KIRNE (N),Inv : Circuit Bkr : MCB : 2004.001.0010,pcs,27,653.68148,NPR
,,,,,,,,,,,,KIRNE (N),Inv : Circuit Bkr : MCB : 2004.001.0011,pcs,12,1018.22917,NPR
,,,,,,,,,,,,KIRNE (N),Inv : Circuit Bkr : MCB : 2004.001.0012,pcs,21,1051.65238,NPR
,,,,,,,,,,,,KIRNE (N),Inv : Circuit Bkr : MCB : 2004.001.0013,pcs,27,800,NPR
,,,,,,,,,,,,KIRNE (N),Inv : Circuit Bkr : MCB : 2004.001.0014,pcs,1,1300,NPR
,,,,,,,,,,,,KIRNE (N),Inv : Circuit Bkr : SF6 : 0030.001.0001,kg,30.6,5938.61111,NPR
,,,,,,,,,,,,KIRNE (N),Inv : Circuit Bkr : SF6 : 0030.001.0002,pcs,1,5620,NPR
,,,,,,,,,,,,KIRNE (N),Inv : Circuit Bkr : SF6 : 0030.001.0003,Set,1,4890,NPR
,,,,,,,,,,,,KIRNE (N),Inv : Circuit Bkr : SF6 : 0030.001.0004,pcs,1,325,NPR
,,,,,,,,,,,,KIRNE (N),Inv : Circuit Bkr : SF6 : 0030.001.0005,pcs,5,24524.54,NPR
,,,,,,,,,,,,KIRNE (N),Inv : Circuit Bkr : SF6 : 0030.001.0007,pcs,1,378,NPR
,,,,,,,,,,,,KIRNE (N),Inv : Circuit Bkr : SF6 : 0030.001.0008,pcs,1,64231.95,NPR
,,,,,,,,,,,,KIRNE (N),Inv : Circuit Bkr : SF6 : 0030.001.0009,pcs,1,1066263.8,NPR
,,,,,,,,,,,,KIRNE (N),Inv : Circuit Bkr : SF6 : 0030.001.0010,pcs,2,8857,NPR
,,,,,,,,,,,,KIRNE (N),Inv : Cleaning : Agent : 1012.001.0005,pcs,23,945.14,NPR
,,,,,,,,,,,,KIRNE (N),Inv : Compressed Air : 0094.001.0001,pcs,1,7525.05,NPR
,,,,,,,,,,,,KIRNE (N),Inv : Compressed Air : 0094.001.0002,pcs,3,1787.26667,NPR
,,,,,,,,,,,,KIRNE (N),Inv : Compressed Air : 0094.001.0003,pcs,2,3163.275,NPR
,,,,,,,,,,,,KIRNE (N),Inv : Compressed Air : 0094.001.0004,pcs,4,1464.7625,NPR
,,,,,,,,,,,,KIRNE (N),Inv : Compressed Air : 0094.001.0005,pcs,1,2930.8,NPR
,,,,,,,,,,,,KIRNE (N),Inv : Compressed Air : 0094.001.0006,pcs,1,18672.8,NPR
,,,,,,,,,,,,KIRNE (N),Inv : Compressed Air : 0094.001.0007,pcs,1,14653.15,NPR
,,,,,,,,,,,,KIRNE (N),Inv : Compressed Air : 0094.001.0008,pcs,2,18645,NPR
,,,,,,,,,,,,KIRNE (N),Inv : Compressed Air : 0094.001.0010,pcs,2,181.9,NPR
,,,,,,,,,,,,KIRNE (N),Inv : Compressed Air : 0094.001.0011,pcs,1,732.7,NPR
,,,,,,,,,,,,KIRNE (N),Inv : Compressed Air : 0094.001.0012,pcs,2,15500,NPR
,,,,,,,,,,,,KIRNE (N),Inv : Compressed Air : 0094.001.0013,pcs,1,3640.55,NPR
,,,,,,,,,,,,KIRNE (N),Inv : Compressed Air : 0094.001.0014,pcs,1,46275.7,NPR
,,,,,,,,,,,,KIRNE (N),Inv : Compressed Air : 0094.001.0016,pcs,2,12907.675,NPR
,,,,,,,,,,,,KIRNE (N),Inv : Compressed Air : 0094.001.0017,pcs,2,13569.4,NPR
,,,,,,,,,,,,KIRNE (N),Inv : Compressed Air : 0094.001.0018,pcs,1,1985.6,NPR
,,,,,,,,,,,,KIRNE (N),Inv : Compressed Air : 0094.001.0019,pcs,2,992.8,NPR
,,,,,,,,,,,,KIRNE (N),Inv : Compressed Air : 0094.001.0020,pcs,4,529.55,NPR
,,,,,,,,,,,,KIRNE (N),Inv : Compressed Air : 0094.001.0021,pcs,1,25295.15,NPR
,,,,,,,,,,,,KIRNE (N),Inv : Compressed Air : 0094.001.0022,pcs,2,2071.875,NPR
,,,,,,,,,,,,KIRNE (N),Inv : Compressed Air : 0094.001.0025,pcs,2,6540,NPR
,,,,,,,,,,,,KIRNE (N),Inv : Compressed Air : 0094.001.0026,pcs,2,8865,NPR
,,,,,,,,,,,,KIRNE (N),Inv : Computer : 0057.001.0001,pcs,1,46335.2,NPR
,,,,,,,,,,,,KIRNE (N),Inv : Computer : 0057.001.0002,pcs,1,198578.7,NPR
,,,,,,,,,,,,KIRNE (N),Inv : Computer : 0057.001.0003,pcs,1,9500,NPR
,,,,,,,,,,,,KIRNE (N),Inv : Computer : 0057.001.0004,pcs,1,8000,NPR
,,,,,,,,,,,,KIRNE (N),Inv : Computer : 0057.001.0005,pcs,1,1385,NPR
,,,,,,,,,,,,KIRNE (N),Inv : Computer : 0057.001.0006,pcs,1,9000,NPR
,,,,,,,,,,,,KIRNE (N),Inv : Computer : 0057.001.0007,pcs,1,9000,NPR
,,,,,,,,,,,,KIRNE (N),Inv : Computer : 0057.001.0008,pcs,1,9000,NPR
,,,,,,,,,,,,KIRNE (N),Inv : Computer : 0057.001.0009,pcs,1,9500,NPR
,,,,,,,,,,,,KIRNE (N),Inv : Computer : 0057.001.0010,pcs,1,9500,NPR
,,,,,,,,,,,,KIRNE (N),Inv : Computer : 0057.001.0011,pcs,1,885,NPR
,,,,,,,,,,,,KIRNE (N),Inv : Computer : 0057.001.0012,pcs,1,1305,NPR
,,,,,,,,,,,,KIRNE (N),Inv : Computer : 0057.001.0013,pcs,1,1507,NPR
,,,,,,,,,,,,KIRNE (N),Inv : Computer : 0057.001.0014,pcs,4,975,NPR
,,,,,,,,,,,,KIRNE (N),Inv : Computer : 0057.001.0018,pcs,4,49896.275,NPR
,,,,,,,,,,,,KIRNE (N),Inv : Computer : 0057.001.0019,pcs,1,150,NPR
,,,,,,,,,,,,KIRNE (N),Inv : Computer : 0057.001.0020,pcs,4,3720,NPR
,,,,,,,,,,,,KIRNE (N),Inv : Computer : 0057.001.0021,pcs,5,47566.34,NPR
,,,,,,,,,,,,KIRNE (N),Inv : Computer : 0057.001.0022,pcs,20,16822.945,NPR
,,,,,,,,,,,,KIRNE (N),Inv : Computer : 0057.001.0023,pcs,5,3971.54,NPR
,,,,,,,,,,,,KIRNE (N),Inv : Computer : 0057.001.0024,pcs,1,266758.05,NPR
,,,,,,,,,,,,KIRNE (N),Inv : Computer : 0057.001.0025,pcs,1,21837.35,NPR
,,,,,,,,,,,,KIRNE (N),Inv : Computer : 0057.001.0026,pcs,10,463.335,NPR
,,,,,,,,,,,,KIRNE (N),Inv : Computer : 0057.001.0027,pcs,4,211.8625,NPR
,,,,,,,,,,,,KIRNE (N),Inv : Computer : 0057.001.0028,pcs,2,41780.9,NPR
,,,,,,,,,,,,KIRNE (N),Inv : Computer : 0057.001.0029,pcs,1,32792.15,NPR
,,,,,,,,,,,,KIRNE (N),Inv : Computer : 0057.001.0031,pcs,2,551480,NPR
,,,,,,,,,,,,KIRNE (N),Inv : Computer : 0057.001.0032,pcs,5,15081.89,NPR
,,,,,,,,,,,,KIRNE (N),Inv : Computer : 0057.001.0033,pcs,3,118006.9167,NPR
,,,,,,,,,,,,KIRNE (N),Inv : Computer : 0057.001.0034,pcs,1,0.85,NPR
,,,,,,,,,,,,KIRNE (N),Inv : Computer : 0057.001.0035,pcs,1,0.85,NPR
,,,,,,,,,,,,KIRNE (N),Inv : Computer : 0057.001.0036,pcs,1,0.85,NPR
,,,,,,,,,,,,KIRNE (N),Inv : Computer : 0057.001.0037,pcs,1,0.85,NPR
,,,,,,,,,,,,KIRNE (N),Inv : Computer : 0057.001.0038,pcs,1,55897.7,NPR
,,,,,,,,,,,,KIRNE (N),Inv : Computer : 0057.001.0040,pcs,1,309112.7,NPR
,,,,,,,,,,,,KIRNE (N),Inv : Control Panel : 0048.001.0001,pcs,7,920,NPR
,,,,,,,,,,,,KIRNE (N),Inv : Control Panel : 0048.001.0002,pcs,16,920,NPR
,,,,,,,,,,,,KIRNE (N),Inv : Control Panel : 0048.001.0003,pcs,7,920,NPR
,,,,,,,,,,,,KIRNE (N),Inv : Control Panel : 0048.001.0004,pcs,2,920,NPR
,,,,,,,,,,,,KIRNE (N),Inv : Control Panel : 0048.001.0005,pcs,1,3750,NPR
,,,,,,,,,,,,KIRNE (N),Inv : Control Panel : 0048.001.0006,pcs,1,3825,NPR
,,,,,,,,,,,,KIRNE (N),Inv : Control Panel : 0048.001.0007,pcs,2,6347.8,NPR
,,,,,,,,,,,,KIRNE (N),Inv : Control Panel : 0048.001.0008,pcs,1,1422,NPR
,,,,,,,,,,,,KIRNE (N),Inv : Control Panel : 0048.001.0009,pcs,12,16018.675,NPR
,,,,,,,,,,,,KIRNE (N),Inv : Control Panel : 0048.001.0010,pcs,3,8605.11667,NPR
,,,,,,,,,,,,KIRNE (N),Inv : Control Panel : 0048.001.0011,pcs,2,3878.975,NPR
,,,,,,,,,,,,KIRNE (N),Inv : Control Panel : 0048.001.0012,pcs,1,12377.7,NPR
,,,,,,,,,,,,KIRNE (N),Inv : Control Panel : 0048.001.0013,pcs,1,13172.45,NPR
,,,,,,,,,,,,KIRNE (N),Inv : Control Panel : 0048.001.0014,pcs,1,37935.5,NPR
,,,,,,,,,,,,KIRNE (N),Inv : Control Panel : 0048.001.0015,pcs,1,24219.9,NPR
,,,,,,,,,,,,KIRNE (N),Inv : Control Panel : 0048.001.0016,pcs,2,3750,NPR
,,,,,,,,,,,,KIRNE (N),Inv : Control Panel : 0048.001.0018,pcs,1,3750,NPR
,,,,,,,,,,,,KIRNE (N),Inv : Control Panel : 0048.001.0019,pcs,1,3750,NPR
,,,,,,,,,,,,KIRNE (N),Inv : Control Panel : 0048.001.0020,pcs,3,4095.3,NPR
,,,,,,,,,,,,KIRNE (N),Inv : Control Panel : 0048.001.0021,pcs,1,3750,NPR
,,,,,,,,,,,,KIRNE (N),Inv : Control Panel : 0048.001.0022,pcs,1,1350,NPR
,,,,,,,,,,,,KIRNE (N),Inv : Control Panel : 0048.001.0023,pcs,5,3825,NPR
,,,,,,,,,,,,KIRNE (N),Inv : Control Panel : 0048.001.0024,pcs,5,750,NPR
,,,,,,,,,,,,KIRNE (N),Inv : Control Panel : 0048.001.0025,pcs,2,785,NPR
,,,,,,,,,,,,KIRNE (N),Inv : Control Panel : 0048.001.0026,pcs,1,825,NPR
,,,,,,,,,,,,KIRNE (N),Inv : Control Panel : 0048.001.0027,pcs,107,95,NPR
,,,,,,,,,,,,KIRNE (N),Inv : Control Panel : 0048.001.0028,pcs,7,625,NPR
,,,,,,,,,,,,KIRNE (N),Inv : Control Panel : 0048.001.0029,pcs,3,4805.61667,NPR
,,,,,,,,,,,,KIRNE (N),Inv : Control Panel : 0048.001.0030,pcs,2,1085.45,NPR
,,,,,,,,,,,,KIRNE (N),Inv : Control Panel : 0048.001.0031,pcs,1,4673.3,NPR
,,,,,,,,,,,,KIRNE (N),Inv : Control Panel : 0048.001.0032,pcs,1,2672.4,NPR
,,,,,,,,,,,,KIRNE (N),Inv : Control Panel : 0048.001.0033,pcs,1,4043.45,NPR
,,,,,,,,,,,,KIRNE (N),Inv : Control Panel : 0048.001.0034,pcs,1,4247.45,NPR
,,,,,,,,,,,,KIRNE (N),Inv : Control Panel : 0048.001.0035,pcs,1,85,NPR
,,,,,,,,,,,,KIRNE (N),Inv : Cooling Water : 0093.001.0002,pcs,3,1871.13333,NPR
,,,,,,,,,,,,KIRNE (N),Inv : Cooling Water : 0093.001.0003,pcs,4,650.25,NPR
,,,,,,,,,,,,KIRNE (N),Inv : Cooling Water : 0093.001.0004,pcs,5,1024.42,NPR
,,,,,,,,,,,,KIRNE (N),Inv : Cooling Water : 0093.001.0005,pcs,7,1313.25,NPR
,,,,,,,,,,,,KIRNE (N),Inv : Cooling Water : 0093.001.0006,pcs,4,103.7,NPR
,,,,,,,,,,,,KIRNE (N),Inv : Cooling Water : 0093.001.0008,pcs,4,536.1375,NPR
,,,,,,,,,,,,KIRNE (N),Inv : Cooling Water : 0093.001.0009,pcs,3,87.26667,NPR
,,,,,,,,,,,,KIRNE (N),Inv : Cooling Water : 0093.001.0010,pcs,1,793.05,NPR
,,,,,,,,,,,,KIRNE (N),Inv : Cooling Water : 0093.001.0011,Set,1,1449.25,NPR
,,,,,,,,,,,,KIRNE (N),Inv : Cooling Water : 0093.001.0012,pcs,1,3785,NPR
,,,,,,,,,,,,KIRNE (N),Inv : Cooling Water : 0093.001.0013,Set,1,1455.2,NPR
,,,,,,,,,,,,KIRNE (N),Inv : Cooling Water : 0093.001.0014,pcs,2,54043.85,NPR
,,,,,,,,,,,,KIRNE (N),Inv : Cooling Water : 0093.001.0015,pcs,5,880,NPR
,,,,,,,,,,,,KIRNE (N),Inv : Cooling Water : 0093.001.0016,pcs,8,613.59375,NPR
,,,,,,,,,,,,KIRNE (N),Inv : Cooling Water : 0093.001.0018,pcs,6,666.66667,NPR
,,,,,,,,,,,,KIRNE (N),Inv : Cooling Water : 0093.001.0019,Set,1,43214,NPR
,,,,,,,,,,,,KIRNE (N),Inv : Cooling Water : 0093.001.0021,pcs,1,768.4,NPR
,,,,,,,,,,,,KIRNE (N),Inv : Cooling Water : 0093.001.0022,pcs,2,675,NPR
,,,,,,,,,,,,KIRNE (N),Inv : Cooling Water : 0093.001.0024,pcs,2,745.875,NPR
,,,,,,,,,,,,KIRNE (N),Inv : Cooling Water : 0093.001.0025,pcs,1,5264.05,NPR
,,,,,,,,,,,,KIRNE (N),Inv : Cooling Water : 0093.001.0026,pcs,2,1729.325,NPR
,,,,,,,,,,,,KIRNE (N),Inv : Cooling Water : 0093.001.0027,pcs,1,3820,NPR
,,,,,,,,,,,,KIRNE (N),Inv : Cooling Water : 0093.001.0028,pcs,1,117624.7,NPR
,,,,,,,,,,,,KIRNE (N),Inv : Cooling Water : 0093.001.0029,pcs,1,19205.75,NPR
,,,,,,,,,,,,KIRNE (N),Inv : Cooling Water : 0093.001.0030,pcs,4,1300,NPR
,,,,,,,,,,,,KIRNE (N),Inv : Cooling Water : 0093.001.0031,pcs,1,8785,NPR
,,,,,,,,,,,,KIRNE (N),Inv : Crane : 0127.001.0001,pcs,6,1017.45,NPR
,,,,,,,,,,,,KIRNE (N),Inv : Crane : 0127.001.0002,pcs,2,1017.45,NPR
,,,,,,,,,,,,KIRNE (N),Inv : Crane : 0127.001.0003,pcs,2,2091.425,NPR
,,,,,,,,,,,,KIRNE (N),Inv : Crane : 0127.001.0004,pcs,4,716.975,NPR
,,,,,,,,,,,,KIRNE (N),Inv : Crane : 0127.001.0005,pcs,1,5300,NPR
,,,,,,,,,,,,KIRNE (N),Inv : Crane : 0127.001.0006,pcs,2,15118.525,NPR
,,,,,,,,,,,,KIRNE (N),Inv : DC Supply : 0097.001.0002,pcs,8,975,NPR
,,,,,,,,,,,,KIRNE (N),Inv : DC Supply : 0097.001.0003,pcs,1,419.05,NPR
,,,,,,,,,,,,KIRNE (N),Inv : DC Supply : 0097.001.0004,pcs,4,35850.2375,NPR
,,,,,,,,,,,,KIRNE (N),Inv : DC Supply : 0097.001.0005,pcs,10,1700,NPR
,,,,,,,,,,,,KIRNE (N),Inv : DC Supply : 0097.001.0006,pcs,8,1700,NPR
,,,,,,,,,,,,KIRNE (N),Inv : DC Supply : 0097.002.0001,pcs,1,6200,NPR
,,,,,,,,,,,,KIRNE (N),Inv : Disconnectors : 0040.001.0001,pcs,1,7200,NPR
,,,,,,,,,,,,KIRNE (N),Inv : Disconnectors : 0040.001.0002,Set,1,6721.8,NPR
,,,,,,,,,,,,KIRNE (N),Inv : Disconnectors : 0040.001.0003,pcs,1,892,NPR
,,,,,,,,,,,,KIRNE (N),Inv : Disconnectors : 0040.001.0004,pcs,1,620,NPR
,,,,,,,,,,,,KIRNE (N),Inv : Disconnectors : 0040.001.0005,pcs,2,785,NPR
,,,,,,,,,,,,KIRNE (N),Inv : Disconnectors : 0040.001.0006,pcs,4,785,NPR
,,,,,,,,,,,,KIRNE (N),Inv : Disconnectors : 0040.001.0007,pcs,2,350,NPR
,,,,,,,,,,,,KIRNE (N),Inv : Disconnectors : 0040.001.0008,pcs,1,375,NPR
,,,,,,,,,,,,KIRNE (N),Inv : Disconnectors : 0040.001.0009,pcs,1,375,NPR
,,,,,,,,,,,,KIRNE (N),Inv : Disconnectors : 0040.001.0010,pcs,1,340,NPR
,,,,,,,,,,,,KIRNE (N),Inv : Disconnectors : 0040.001.0011,pcs,1,245,NPR
,,,,,,,,,,,,KIRNE (N),Inv : Disconnectors : 0040.001.0012,pcs,1,350,NPR
,,,,,,,,,,,,KIRNE (N),Inv : Drainage : 0092.001.0001,pcs,3,5545,NPR
,,,,,,,,,,,,KIRNE (N),Inv : Drainage : 0092.001.0002,pcs,4,13377.725,NPR
,,,,,,,,,,,,KIRNE (N),Inv : Earth-Connector : 0041.001.0001,m,1,225,NPR
,,,,,,,,,,,,KIRNE (N),Inv : Earth-Connector : 0041.001.0002,pcs,1,235,NPR
,,,,,,,,,,,,KIRNE (N),Inv : Earth-Connector : 0041.001.0003,pcs,6,265,NPR
,,,,,,,,,,,,KIRNE (N),Inv : Earthing : 0042.001.0001,m,50,165,NPR
,,,,,,,,,,,,KIRNE (N),Inv : Earthing : 0042.001.0002,m,49,165,NPR
,,,,,,,,,,,,KIRNE (N),Inv : Earthing : 0042.001.0003,m,18.5,165,NPR
,,,,,,,,,,,,KIRNE (N),Inv : Earthing : 0042.001.0004,m,9.5,165,NPR
,,,,,,,,,,,,KIRNE (N),Inv : Enclosure : Panel Board : 2007.002.0001,pcs,12,222.275,NPR
,,,,,,,,,,,,KIRNE (N),Inv : Enclosure : Panel Board : 2007.002.0002,pcs,37,390.81622,NPR
,,,,,,,,,,,,KIRNE (N),Inv : Fire Prevention : 0099.001.0001,pcs,6,380,NPR
,,,,,,,,,,,,KIRNE (N),Inv : Fire Prevention : 0099.001.0002,pcs,15,835,NPR
,,,,,,,,,,,,KIRNE (N),Inv : Fire Prevention : 0099.001.0003,pcs,1,835,NPR
,,,,,,,,,,,,KIRNE (N),Inv : Fire Prevention : 0099.001.0004,pcs,16,370,NPR
,,,,,,,,,,,,KIRNE (N),Inv : Fire Prevention : 0099.001.0005,pcs,19,370,NPR
,,,,,,,,,,,,KIRNE (N),Inv : Fire Prevention : 0099.001.0006,pcs,3,370,NPR
,,,,,,,,,,,,KIRNE (N),Inv : Fuel : 1014.001.0001,L,10.5,111.9219,NPR
,,,,,,,,,,,,KIRNE (N),Inv : Fuel : 1014.001.0002,L,15750.11,75.71925,NPR
,,,,,,,,,,,,KIRNE (N),Inv : Fuel : 1014.001.0003,L,18,71.955,NPR
,,,,,,,,,,,,KIRNE (N),Inv : Fuse : 2008.007.0001,pcs,30,377.54167,NPR
,,,,,,,,,,,,KIRNE (N),Inv : Fuse : DO : 2008.001.0001,Set,1,17710.6,NPR
,,,,,,,,,,,,KIRNE (N),Inv : Fuse : DO : 2008.001.0002,pcs,19,183.19737,NPR
,,,,,,,,,,,,KIRNE (N),Inv : Fuse : DO : 2008.001.0003,pcs,5,171.02,NPR
,,,,,,,,,,,,KIRNE (N),Inv : Fuse : DO : 2008.001.0004,pcs,15,24.42333,NPR
,,,,,,,,,,,,KIRNE (N),Inv : Fuse : DO : 2008.001.0013,pcs,12,610.725,NPR
,,,,,,,,,,,,KIRNE (N),Inv : Fuse : Glass : 2008.002.0001,pcs,18,12.23056,NPR
,,,,,,,,,,,,KIRNE (N),Inv : Fuse : Glass : 2008.002.0002,pcs,74,3.66419,NPR
,,,,,,,,,,,,KIRNE (N),Inv : Fuse : Glass : 2008.002.0003,pcs,91,3.66154,NPR
,,,,,,,,,,,,KIRNE (N),Inv : Fuse : Glass : 2008.002.0004,pcs,91,3.67088,NPR
,,,,,,,,,,,,KIRNE (N),Inv : Fuse : Glass : 2008.002.0005,pcs,100,3.6635,NPR
,,,,,,,,,,,,KIRNE (N),Inv : Fuse : Glass : 2008.002.0006,pcs,227,4.99515,NPR
,,,,,,,,,,,,KIRNE (N),Inv : Fuse : Glass : 2008.002.0008,pcs,70,4.88143,NPR
,,,,,,,,,,,,KIRNE (N),Inv : Fuse : HRC : 2008.003.0001,pcs,16,491.3,NPR
,,,,,,,,,,,,KIRNE (N),Inv : Fuse : HRC : 2008.003.0004,pcs,17,684,NPR
,,,,,,,,,,,,KIRNE (N),Inv : Fuse : HRC : 2008.003.0005,pcs,27,916.07963,NPR
,,,,,,,,,,,,KIRNE (N),Inv : Fuse : HRC : 2008.003.0006,pcs,3,1601.11667,NPR
,,,,,,,,,,,,KIRNE (N),Inv : Fuse : HRC : 2008.003.0007,pcs,3,2931.36667,NPR
,,,,,,,,,,,,KIRNE (N),Inv : Fuse : HRC : 2008.003.0009,pcs,7,917.27143,NPR
,,,,,,,,,,,,KIRNE (N),Inv : Fuse : HRC : 2008.003.0012,pcs,17,396.95,NPR
,,,,,,,,,,,,KIRNE (N),Inv : Fuse : HRC : 2008.003.0013,pcs,18,484.59444,NPR
,,,,,,,,,,,,KIRNE (N),Inv : Fuse : HRC : 2008.003.0014,pcs,24,484.88958,NPR
,,,,,,,,,,,,KIRNE (N),Inv : Fuse : HRC : 2008.003.0015,pcs,11,458.07273,NPR
,,,,,,,,,,,,KIRNE (N),Inv : Fuse : HRC : 2008.003.0016,pcs,10,659.6,NPR
,,,,,,,,,,,,KIRNE (N),Inv : Fuse : HRC : 2008.003.0017,pcs,22,683.97955,NPR
,,,,,,,,,,,,KIRNE (N),Inv : Gases : 1014.002.0001,pcs,2,332.69,NPR
,,,,,,,,,,,,KIRNE (N),Inv : Gases : 1014.002.0002,pcs,2,3027.7,NPR
,,,,,,,,,,,,KIRNE (N),Inv : Generator : 0022.001.0001,m,165,434.35,NPR
,,,,,,,,,,,,KIRNE (N),Inv : Generator : 0022.001.0002,pcs,3,1620,NPR
,,,,,,,,,,,,KIRNE (N),Inv : Generator : 0022.001.0003,pcs,6,30681.74167,NPR
,,,,,,,,,,,,KIRNE (N),Inv : Generator : 0022.001.0004,pcs,5,5090.31,NPR
,,,,,,,,,,,,KIRNE (N),Inv : Generator : 0022.001.0005,pcs,15,983.45,NPR
,,,,,,,,,,,,KIRNE (N),Inv : Generator : 0022.001.0006,Set,1,625,NPR
,,,,,,,,,,,,KIRNE (N),Inv : Generator : 0022.001.0007,Set,1,635,NPR
,,,,,,,,,,,,KIRNE (N),Inv : Generator : 0022.001.0008,Set,1,720,NPR
,,,,,,,,,,,,KIRNE (N),Inv : Generator : 0022.001.0009,Set,1,450,NPR
,,,,,,,,,,,,KIRNE (N),Inv : Generator : 0022.001.0010,Set,1,450,NPR
,,,,,,,,,,,,KIRNE (N),Inv : Generator : 0022.001.0011,Set,1,570,NPR
,,,,,,,,,,,,KIRNE (N),Inv : Generator : 0022.001.0012,Set,1,575,NPR
,,,,,,,,,,,,KIRNE (N),Inv : Generator : 0022.001.0013,Set,1,450,NPR
,,,,,,,,,,,,KIRNE (N),Inv : Generator : 0022.001.0015,pcs,1,980.05,NPR
,,,,,,,,,,,,KIRNE (N),Inv : Generator : 0022.001.0016,pcs,1,1720,NPR
,,,,,,,,,,,,KIRNE (N),Inv : Generator : 0022.001.0017,pcs,1,147564.25,NPR
,,,,,,,,,,,,KIRNE (N),Inv : Generator : 0022.001.0018,pcs,1,6300,NPR
,,,,,,,,,,,,KIRNE (N),Inv : Generator : 0022.001.0019,pcs,9,23081.37222,NPR
,,,,,,,,,,,,KIRNE (N),Inv : Generator : 0022.001.0020,pcs,1,1277.55,NPR
,,,,,,,,,,,,KIRNE (N),Inv : Generator : 0022.001.0021,pcs,1,1787.55,NPR
,,,,,,,,,,,,KIRNE (N),Inv : Generator : 0022.001.0022,pcs,7,9860.72857,NPR
,,,,,,,,,,,,KIRNE (N),Inv : Generator : 0022.001.0023,pcs,1,72680.1,NPR
,,,,,,,,,,,,KIRNE (N),Inv : Generator : 0022.001.0024,pcs,1,72680.1,NPR
,,,,,,,,,,,,KIRNE (N),Inv : Generator : 0022.001.0025,pcs,1,11500,NPR
,,,,,,,,,,,,KIRNE (N),Inv : Generator : 0022.001.0026,pcs,12,1600,NPR
,,,,,,,,,,,,KIRNE (N),Inv : Generator : 0022.001.0027,pcs,1,6300,NPR
,,,,,,,,,,,,KIRNE (N),Inv : Generator : 0022.001.0029,pcs,1,172855.15,NPR
,,,,,,,,,,,,KIRNE (N),Inv : Generator : 0022.001.0030,Set,4,29495.6375,NPR
,,,,,,,,,,,,KIRNE (N),Inv : Generator : 0022.001.0032,pcs,5,650,NPR
,,,,,,,,,,,,KIRNE (N),Inv : Generator : 0022.001.0033,pcs,2,867,NPR
,,,,,,,,,,,,KIRNE (N),Inv : Generator : 0022.001.0034,pcs,2,1112.225,NPR
,,,,,,,,,,,,KIRNE (N),Inv : Generator : 0022.001.0035,pcs,1,3500,NPR
,,,,,,,,,,,,KIRNE (N),Inv : Generator : 0022.001.0037,pcs,2,62436.75,NPR
,,,,,,,,,,,,KIRNE (N),Inv : Generator : 0022.001.0038,m,29.35,53.86712,NPR
,,,,,,,,,,,,KIRNE (N),Inv : Generator : 0022.001.0039,pcs,2,250,NPR
,,,,,,,,,,,,KIRNE (N),Inv : Generator : 0022.001.0040,pcs,13,250,NPR
,,,,,,,,,,,,KIRNE (N),Inv : Generator : 0022.001.0041,pcs,1,3660,NPR
,,,,,,,,,,,,KIRNE (N),Inv : Generator : 0022.001.0042,L,5,10800,NPR
,,,,,,,,,,,,KIRNE (N),Inv : Generator : 0022.001.0043,pcs,1,4720,NPR
,,,,,,,,,,,,KIRNE (N),Inv : Generator : 0022.001.0044,pcs,4,19206.175,NPR
,,,,,,,,,,,,KIRNE (N),Inv : Generator : 0022.001.0045,pcs,5,2275,NPR
,,,,,,,,,,,,KIRNE (N),Inv : Generator : 0022.001.0046,pcs,1,1700,NPR
,,,,,,,,,,,,KIRNE (N),Inv : Generator : 0022.001.0047,pcs,1,725,NPR
,,,,,,,,,,,,KIRNE (N),Inv : Generator : 0022.001.0048,pcs,3,725,NPR
,,,,,,,,,,,,KIRNE (N),Inv : Generator : 0022.001.0050,pcs,2,620,NPR
,,,,,,,,,,,,KIRNE (N),Inv : Generator : 0022.001.0051,pcs,1,5749.4,NPR
,,,,,,,,,,,,KIRNE (N),Inv : Generator : 0022.001.0057,pcs,1,3390.65,NPR
,,,,,,,,,,,,KIRNE (N),Inv : Generator : 0022.001.0058,pcs,1,1952.45,NPR
,,,,,,,,,,,,KIRNE (N),Inv : Generator : 0022.001.0059,pcs,1,1604.8,NPR
,,,,,,,,,,,,KIRNE (N),Inv : Generator : 0022.001.0060,pcs,1,3241.05,NPR
,,,,,,,,,,,,KIRNE (N),Inv : Generator : 0022.001.0061,pcs,2,887.4,NPR
,,,,,,,,,,,,KIRNE (N),Inv : Generator : 0022.001.0062,pcs,1,911.2,NPR
,,,,,,,,,,,,KIRNE (N),Inv : Generator : 0022.001.0063,pcs,2,2615.45,NPR
,,,,,,,,,,,,KIRNE (N),Inv : Generator : 0022.001.0064,pcs,5,1558.05,NPR
,,,,,,,,,,,,KIRNE (N),Inv : Generator : 0022.001.0065,pcs,4,34433.5,NPR
,,,,,,,,,,,,KIRNE (N),Inv : Generator : 0022.001.0067,pcs,10,423.3,NPR
,,,,,,,,,,,,KIRNE (N),Inv : Generator : 0022.001.0068,pcs,3,750410.0333,NPR
,,,,,,,,,,,,KIRNE (N),Inv : Generator : Diesel : 0100.001.0001,pcs,2,370,NPR
,,,,,,,,,,,,KIRNE (N),Inv : Generator : Diesel : 0100.001.0002,pcs,1,370,NPR
,,,,,,,,,,,,KIRNE (N),Inv : Generator : Diesel : 0100.001.0003,pcs,1,370,NPR
,,,,,,,,,,,,KIRNE (N),Inv : Generator : Diesel : 0100.001.0004,L,23,714.85,NPR
,,,,,,,,,,,,KIRNE (N),Inv : Generator : Diesel : 0100.001.0005,pcs,2,433.5,NPR
,,,,,,,,,,,,KIRNE (N),Inv : Generator : Diesel : 0100.001.0006,pcs,3,417.91667,NPR
,,,,,,,,,,,,KIRNE (N),Inv : Generator : Diesel : 0100.001.0007,pcs,5,13.94,NPR
,,,,,,,,,,,,KIRNE (N),Inv : Generator : Diesel : 0100.001.0008,pcs,5,73.44,NPR
,,,,,,,,,,,,KIRNE (N),Inv : Generator : Diesel : 0100.001.0009,pcs,3,1082.9,NPR
,,,,,,,,,,,,KIRNE (N),Inv : Generator : Diesel : 0100.001.0010,pcs,10,1272.804,NPR
,,,,,,,,,,,,KIRNE (N),Inv : Generator : Diesel : 0100.001.0011,pcs,5,19.21,NPR
,,,,,,,,,,,,KIRNE (N),Inv : Generator : Diesel : 0100.001.0012,pcs,3,8652.15,NPR
,,,,,,,,,,,,KIRNE (N),Inv : Generator : Diesel : 0100.001.0016,m,1.5,852.83333,NPR
,,,,,,,,,,,,KIRNE (N),Inv : Generator : Diesel : 0100.001.0017,pcs,1,3848.8,NPR
,,,,,,,,,,,,KIRNE (N),Inv : Generator : Diesel : 0100.001.0018,pcs,2,2628.2,NPR
,,,,,,,,,,,,KIRNE (N),Inv : Generator : Diesel : 0100.001.0021,pcs,3,211.65,NPR
,,,,,,,,,,,,KIRNE (N),Inv : Generator : Diesel : 0100.001.0022,pcs,2,171.7,NPR
,,,,,,,,,,,,KIRNE (N),Inv : HVAC : 0095.001.0001,pcs,7,380,NPR
,,,,,,,,,,,,KIRNE (N),Inv : HVAC : 0095.001.0002,pcs,2,380,NPR
,,,,,,,,,,,,KIRNE (N),Inv : HVAC : 0095.001.0003,pcs,3,380,NPR
,,,,,,,,,,,,KIRNE (N),Inv : HVAC : 0095.001.0004,pcs,3,380,NPR
,,,,,,,,,,,,KIRNE (N),Inv : HVAC : 0095.001.0005,pcs,3,385,NPR
,,,,,,,,,,,,KIRNE (N),Inv : HVAC : 0095.001.0006,Set,1,105,NPR
,,,,,,,,,,,,KIRNE (N),Inv : HVAC : 0095.001.0008,pcs,63,105,NPR
,,,,,,,,,,,,KIRNE (N),Inv : HVAC : 0095.001.0009,pcs,4,95,NPR
,,,,,,,,,,,,KIRNE (N),Inv : HVAC : 0095.001.0010,pcs,1,5200,NPR
,,,,,,,,,,,,KIRNE (N),Inv : HVAC : 0095.001.0011,pcs,1,5200,NPR
,,,,,,,,,,,,KIRNE (N),Inv : HVAC : 0095.001.0012,pcs,1,350,NPR
,,,,,,,,,,,,KIRNE (N),Inv : HVAC : 0095.001.0013,pcs,5,350,NPR
,,,,,,,,,,,,KIRNE (N),Inv : HVAC : 0095.001.0014,pcs,2,4275.925,NPR
,,,,,,,,,,,,KIRNE (N),Inv : HVAC : 0095.001.0015,L,23.5,444.49574,NPR
,,,,,,,,,,,,KIRNE (N),Inv : HVAC : 0095.001.0016,L,3.5,599.12857,NPR
,,,,,,,,,,,,KIRNE (N),Inv : HVAC : 0095.001.0017,kg,71.99,1235.97722,NPR
,,,,,,,,,,,,KIRNE (N),Inv : HVAC : 0095.001.0018,L,8,473.98125,NPR
,,,,,,,,,,,,KIRNE (N),Inv : HVAC : 0095.001.0019,pcs,5,794.75,NPR
,,,,,,,,,,,,KIRNE (N),Inv : HVAC : 0095.001.0020,pcs,5.5,2317.56364,NPR
,,,,,,,,,,,,KIRNE (N),Inv : HVAC : 0095.001.0021,pcs,3,72.81667,NPR
,,,,,,,,,,,,KIRNE (N),Inv : HVAC : 0095.001.0023,pcs,3,289.28333,NPR
,,,,,,,,,,,,KIRNE (N),Inv : HVAC : 0095.001.0024,pcs,3,343.96667,NPR
,,,,,,,,,,,,KIRNE (N),Inv : HVAC : 0095.001.0025,pcs,2,4760.425,NPR
,,,,,,,,,,,,KIRNE (N),Inv : HVAC : 0095.001.0026,pcs,1,19205.75,NPR
,,,,,,,,,,,,KIRNE (N),Inv : HVAC : 0095.001.0027,pcs,2,275,NPR
,,,,,,,,,,,,KIRNE (N),Inv : HVAC : 0095.001.0028,Set,1,280,NPR
,,,,,,,,,,,,KIRNE (N),Inv : HVAC : 0095.001.0029,pcs,1,275,NPR
,,,,,,,,,,,,KIRNE (N),Inv : HVAC : 0095.001.0030,pcs,1,576184.4,NPR
,,,,,,,,,,,,KIRNE (N),Inv : HVAC : 0095.001.0031,pcs,6,379.66667,NPR
,,,,,,,,,,,,KIRNE (N),Inv : HVAC : 0095.001.0033,pcs,2,638.775,NPR
,,,,,,,,,,,,KIRNE (N),Inv : HVAC : 0095.001.0034,pcs,2,243.1,NPR
,,,,,,,,,,,,KIRNE (N),Inv : HVAC : 0095.001.0038,Set,1,8803.45,NPR
,,,,,,,,,,,,KIRNE (N),Inv : HVAC : 0095.001.0039,pcs,1,2970,NPR
,,,,,,,,,,,,KIRNE (N),Inv : HVAC : 0095.001.0042,pcs,1,8681.05,NPR
,,,,,,,,,,,,KIRNE (N),Inv : HVAC : 0095.001.0043,pcs,1,499.8,NPR
,,,,,,,,,,,,KIRNE (N),Inv : HVAC : 0095.001.0044,pcs,2,1252.9,NPR
,,,,,,,,,,,,KIRNE (N),Inv : HVAC : 0095.001.0045,pcs,2,21450.6,NPR
,,,,,,,,,,,,KIRNE (N),Inv : HVAC : 0095.001.0046,pcs,1,58468.1,NPR
,,,,,,,,,,,,KIRNE (N),Inv : HVAC : 0095.001.0047,pcs,1,5559.85,NPR
,,,,,,,,,,,,KIRNE (N),Inv : HVAC : 0095.001.0049,pcs,1,7163.8,NPR
,,,,,,,,,,,,KIRNE (N),Inv : HVAC : 0095.002.0001,pcs,2,565,NPR
,,,,,,,,,,,,KIRNE (N),Inv : HVAC : 0095.002.0003,pcs,1,4732.8,NPR
,,,,,,,,,,,,KIRNE (N),Inv : HVAC : 0095.002.0004,pcs,1,7841.25,NPR
,,,,,,,,,,,,KIRNE (N),Inv : HVAC : 0095.002.0005,pcs,1,3360.9,NPR
,,,,,,,,,,,,KIRNE (N),Inv : HVAC : 0095.003.0001,pcs,1,8142.15,NPR
,,,,,,,,,,,,KIRNE (N),Inv : HVAC : 0095.003.0003,pcs,1,4318,NPR
,,,,,,,,,,,,KIRNE (N),Inv : HVAC : 0095.003.0004,pcs,1,14059,NPR
,,,,,,,,,,,,KIRNE (N),Inv : HVAC : 0095.003.0005,pcs,2,3804.6,NPR
,,,,,,,,,,,,KIRNE (N),Inv : HVAC : 0095.003.0007,pcs,2,5626.15,NPR
,,,,,,,,,,,,KIRNE (N),Inv : HVAC : 0095.003.0008,pcs,1,6553.5,NPR
,,,,,,,,,,,,KIRNE (N),Inv : HVAC : 0095.003.0009,pcs,1,5626.15,NPR
,,,,,,,,,,,,KIRNE (N),Inv : HVAC : 0095.003.0010,pcs,1,3883.65,NPR
,,,,,,,,,,,,KIRNE (N),Inv : HVAC : 0095.003.0015,kg,11.01,1184.20981,NPR
,,,,,,,,,,,,KIRNE (N),Inv : HVAC : 0095.003.0017,kg,18.86,1179.94062,NPR
,,,,,,,,,,,,KIRNE (N),Inv : HVAC : 0095.003.0019,kg,14.53,1148.64418,NPR
,,,,,,,,,,,,KIRNE (N),Inv : HVAC : 0095.003.0025,pcs,1,10589.3,NPR
,,,,,,,,,,,,KIRNE (N),Inv : HVAC : Refrigerant : 1011.003.0004,kg,27.42,715.43217,NPR
,,,,,,,,,,,,KIRNE (N),Inv : Lighting : 2003.001.0005,pcs,1,0,NPR
,,,,,,,,,,,,KIRNE (N),Inv : Lighting : 2003.001.0005,pcs,12,203.015,NPR
,,,,,,,,,,,,KIRNE (N),Inv : Lighting : 2003.001.0006,pcs,43,180,NPR
,,,,,,,,,,,,KIRNE (N),Inv : Lubricant : Brake : 1013.005.0001,L,2,487.42,NPR
,,,,,,,,,,,,KIRNE (N),Inv : Lubricant : Engine : 1013.001.0004,L,131.5,335.17643,NPR
,,,,,,,,,,,,KIRNE (N),Inv : Measurement : 3006.006.0002,pcs,13,940.37308,NPR
,,,,,,,,,,,,KIRNE (N),Inv : Measurement : 3006.006.0004,pcs,15,944.23067,NPR
,,,,,,,,,,,,KIRNE (N),Inv : Miscellaneous : 0134.001.0001,pcs,20,305,NPR
,,,,,,,,,,,,KIRNE (N),Inv : Miscellaneous : 0134.001.0002,pcs,4,315,NPR
,,,,,,,,,,,,KIRNE (N),Inv : Miscellaneous : 0134.001.0003,pcs,2,320,NPR
,,,,,,,,,,,,KIRNE (N),Inv : Miscellaneous : 0134.001.0004,pcs,2,335,NPR
,,,,,,,,,,,,KIRNE (N),Inv : Miscellaneous : 0134.001.0005,pcs,1,345,NPR
,,,,,,,,,,,,KIRNE (N),Inv : Miscellaneous : 0134.001.0006,pcs,1,365,NPR
,,,,,,,,,,,,KIRNE (N),Inv : Miscellaneous : 0134.001.0007,pcs,1,315,NPR
,,,,,,,,,,,,KIRNE (N),Inv : Miscellaneous : 0134.001.0008,pcs,35,139.01143,NPR
,,,,,,,,,,,,KIRNE (N),Inv : Miscellaneous : 0134.001.0009,pcs,4,318,NPR
,,,,,,,,,,,,KIRNE (N),Inv : Miscellaneous : 0134.001.0010,pcs,1,316,NPR
,,,,,,,,,,,,KIRNE (N),Inv : Miscellaneous : 0134.001.0011,m,100,75,NPR
,,,,,,,,,,,,KIRNE (N),Inv : Miscellaneous : 0134.001.0014,m,121.7,100,NPR
,,,,,,,,,,,,KIRNE (N),Inv : Miscellaneous : 0134.001.0015,pcs,1,43.35,NPR
,,,,,,,,,,,,KIRNE (N),Inv : Miscellaneous : 0134.001.0017,m,28,52.9125,NPR
,,,,,,,,,,,,KIRNE (N),Inv : Miscellaneous : 0134.001.0018,pcs,1,52.7,NPR
,,,,,,,,,,,,KIRNE (N),Inv : Miscellaneous : 0134.001.0019,pcs,1,52.7,NPR
,,,,,,,,,,,,KIRNE (N),Inv : Miscellaneous : 0134.001.0020,pcs,1,52.7,NPR
,,,,,,,,,,,,KIRNE (N),Inv : Miscellaneous : 0134.001.0022,m,36.2,60,NPR
,,,,,,,,,,,,KIRNE (N),Inv : Miscellaneous : 0134.001.0023,pcs,2,225.25,NPR
,,,,,,,,,,,,KIRNE (N),Inv : Miscellaneous : 0134.001.0024,pcs,1,225.25,NPR
,,,,,,,,,,,,KIRNE (N),Inv : Miscellaneous : 0134.001.0025,pcs,18,165.46667,NPR
,,,,,,,,,,,,KIRNE (N),Inv : Miscellaneous : 0134.001.0026,pcs,5,165.41,NPR
,,,,,,,,,,,,KIRNE (N),Inv : Miscellaneous : 0134.001.0027,pcs,5,198.56,NPR
,,,,,,,,,,,,KIRNE (N),Inv : Miscellaneous : 0134.001.0028,pcs,40,107.2275,NPR
,,,,,,,,,,,,KIRNE (N),Inv : Miscellaneous : 0134.002.0001,pcs,1,3850,NPR
,,,,,,,,,,,,KIRNE (N),Inv : Miscellaneous : 0134.002.0002,pcs,5,3850,NPR
,,,,,,,,,,,,KIRNE (N),Inv : Miscellaneous : 0134.002.0003,pcs,3,3850,NPR
,,,,,,,,,,,,KIRNE (N),Inv : Miscellaneous : 0134.003.0002,pcs,11,9981.93636,NPR
,,,,,,,,,,,,KIRNE (N),Inv : Miscellaneous : 0134.003.0003,pcs,1,1100,NPR
,,,,,,,,,,,,KIRNE (N),Inv : Miscellaneous : 0134.003.0004,pcs,5,2422.67,NPR
,,,,,,,,,,,,KIRNE (N),Inv : Miscellaneous : 0134.003.0005,pcs,7,1423.14286,NPR
,,,,,,,,,,,,KIRNE (N),Inv : Miscellaneous : 0134.003.0006,pcs,7,925,NPR
,,,,,,,,,,,,KIRNE (N),Inv : Miscellaneous : 0134.003.0007,pcs,2,1100,NPR
,,,,,,,,,,,,KIRNE (N),Inv : Miscellaneous : 0134.003.0008,pcs,4,2138.3875,NPR
,,,,,,,,,,,,KIRNE (N),Inv : Miscellaneous : 0134.003.0009,pcs,4,1100,NPR
,,,,,,,,,,,,KIRNE (N),Inv : Miscellaneous : 0134.003.0010,pcs,12,7129.02083,NPR
,,,,,,,,,,,,KIRNE (N),Inv : Miscellaneous : 0134.003.0011,pcs,5,825,NPR
,,,,,,,,,,,,KIRNE (N),Inv : Miscellaneous : 0134.003.0012,pcs,2,1423.325,NPR
,,,,,,,,,,,,KIRNE (N),Inv : Miscellaneous : 0134.003.0013,pcs,3,1500,NPR
,,,,,,,,,,,,KIRNE (N),Inv : Miscellaneous : 0134.003.0014,pcs,2,1100,NPR
,,,,,,,,,,,,KIRNE (N),Inv : Miscellaneous : 0134.003.0015,pcs,4,1187,NPR
,,,,,,,,,,,,KIRNE (N),Inv : Miscellaneous : 0134.003.0017,pcs,2,7128.95,NPR
,,,,,,,,,,,,KIRNE (N),Inv : Miscellaneous : 0134.003.0018,pcs,3,11150.86667,NPR
,,,,,,,,,,,,KIRNE (N),Inv : Miscellaneous : 0134.004.0001,pcs,2,350,NPR
,,,,,,,,,,,,KIRNE (N),Inv : Miscellaneous : 0134.004.0002,pcs,2,720,NPR
,,,,,,,,,,,,KIRNE (N),Inv : Miscellaneous : 0134.004.0003,pcs,1,2700,NPR
,,,,,,,,,,,,KIRNE (N),Inv : Miscellaneous : 0134.004.0004,pcs,2,2250,NPR
,,,,,,,,,,,,KIRNE (N),Inv : Miscellaneous : 0134.004.0005,pcs,2,307,NPR
,,,,,,,,,,,,KIRNE (N),Inv : Miscellaneous : 0134.005.0002,pcs,1,205,NPR
,,,,,,,,,,,,KIRNE (N),Inv : Miscellaneous : 0134.005.0003,pcs,4,205,NPR
,,,,,,,,,,,,KIRNE (N),Inv : Miscellaneous : 0134.005.0008,pcs,181,173,NPR
,,,,,,,,,,,,KIRNE (N),Inv : Miscellaneous : 0134.005.0011,pcs,12,185,NPR
,,,,,,,,,,,,KIRNE (N),Inv : Miscellaneous : 0134.005.0012,pcs,14,185,NPR
,,,,,,,,,,,,KIRNE (N),Inv : Miscellaneous : 0134.005.0013,pcs,46,185,NPR
,,,,,,,,,,,,KIRNE (N),Inv : Miscellaneous : 0134.005.0014,pcs,16,185,NPR
,,,,,,,,,,,,KIRNE (N),Inv : Miscellaneous : 0134.005.0015,pcs,86,185,NPR
,,,,,,,,,,,,KIRNE (N),Inv : Miscellaneous : 0134.005.0016,pcs,12,205,NPR
,,,,,,,,,,,,KIRNE (N),Inv : Miscellaneous : 0134.005.0018,pcs,6,55,NPR
,,,,,,,,,,,,KIRNE (N),Inv : Miscellaneous : 0134.005.0019,pcs,41,265,NPR
,,,,,,,,,,,,KIRNE (N),Inv : Miscellaneous : 0134.005.0020,pcs,23,265,NPR
,,,,,,,,,,,,KIRNE (N),Inv : Miscellaneous : 0134.005.0023,pcs,20,265,NPR
,,,,,,,,,,,,KIRNE (N),Inv : Miscellaneous : 0134.005.0024,pcs,4,265,NPR
,,,,,,,,,,,,KIRNE (N),Inv : Miscellaneous : 0134.005.0025,pcs,7,350,NPR
,,,,,,,,,,,,KIRNE (N),Inv : Miscellaneous : 0134.005.0026,pcs,10,250,NPR
,,,,,,,,,,,,KIRNE (N),Inv : Miscellaneous : 0134.005.0027,pcs,20,250,NPR
,,,,,,,,,,,,KIRNE (N),Inv : Miscellaneous : 0134.005.0028,pcs,5,250,NPR
,,,,,,,,,,,,KIRNE (N),Inv : Miscellaneous : 0134.005.0029,pcs,13,250,NPR
,,,,,,,,,,,,KIRNE (N),Inv : Miscellaneous : 0134.005.0030,pcs,20,375,NPR
,,,,,,,,,,,,KIRNE (N),Inv : Miscellaneous : 0134.005.0031,pcs,10,375,NPR
,,,,,,,,,,,,KIRNE (N),Inv : Miscellaneous : 0134.005.0032,pcs,50,375,NPR
,,,,,,,,,,,,KIRNE (N),Inv : Miscellaneous : 0134.005.0033,pcs,20,375,NPR
,,,,,,,,,,,,KIRNE (N),Inv : Miscellaneous : 0134.005.0034,pcs,50,375,NPR
,,,,,,,,,,,,KIRNE (N),Inv : Miscellaneous : 0134.005.0035,pcs,3,375,NPR
,,,,,,,,,,,,KIRNE (N),Inv : Miscellaneous : 0134.005.0037,pcs,29,375,NPR
,,,,,,,,,,,,KIRNE (N),Inv : Miscellaneous : 0134.005.0038,pcs,22,375,NPR
,,,,,,,,,,,,KIRNE (N),Inv : Miscellaneous : 0134.005.0039,pcs,7,280,NPR
,,,,,,,,,,,,KIRNE (N),Inv : Miscellaneous : 0134.005.0040,pcs,1,280,NPR
,,,,,,,,,,,,KIRNE (N),Inv : Miscellaneous : 0134.005.0041,pcs,2,375,NPR
,,,,,,,,,,,,KIRNE (N),Inv : Miscellaneous : 0134.005.0042,pcs,5,375,NPR
,,,,,,,,,,,,KIRNE (N),Inv : Miscellaneous : 0134.005.0043,pcs,2,375,NPR
,,,,,,,,,,,,KIRNE (N),Inv : Miscellaneous : 0134.005.0044,pcs,84,375,NPR
,,,,,,,,,,,,KIRNE (N),Inv : Miscellaneous : 0134.005.0045,pcs,72,375,NPR